record_id,task,trial_id,trial_index,cue_onset,cue_offset,cue_time_s,cue_duration_s,cue_sign,support_start,support_stop,state9_runs,state9_overlap,response_marker_index,behavior_semantics
VisualCogA_Task-1,1,VisualCogA_Task-1:000,0,5162,5214,20.1640625,0.203125,-1,5002,5578,"[{""onset"":5758,""offset"":6256,""code"":-1.0}]",False,,unknown
VisualCogA_Task-1,1,VisualCogA_Task-1:001,1,7538,7590,29.4453125,0.203125,1,7378,7954,"[{""onset"":8105,""offset"":8407,""code"":1.0}]",False,,unknown
VisualCogA_Task-1,1,VisualCogA_Task-1:002,2,9690,9743,37.8515625,0.20703125,-1,9530,10106,"[{""onset"":10258,""offset"":10567,""code"":-1.0}]",False,,unknown
VisualCogA_Task-1,1,VisualCogA_Task-1:003,3,11851,11903,46.29296875,0.203125,-1,11691,12267,"[{""onset"":12418,""offset"":12771,""code"":-1.0}]",False,,unknown
VisualCogA_Task-1,1,VisualCogA_Task-1:004,4,14055,14107,54.90234375,0.203125,1,13895,14471,"[{""onset"":14623,""offset"":14932,""code"":1.0}]",False,,unknown
VisualCogA_Task-1,1,VisualCogA_Task-1:005,5,16216,16268,63.34375,0.203125,-1,16056,16632,"[{""onset"":16783,""offset"":17086,""code"":-1.0}]",False,,unknown
VisualCogA_Task-1,1,VisualCogA_Task-1:006,6,18368,18420,71.75,0.203125,-1,18208,18784,"[{""onset"":18936,""offset"":19306,""code"":-1.0}]",False,,unknown
VisualCogA_Task-1,1,VisualCogA_Task-1:007,7,20589,20641,80.42578125,0.203125,-1,20429,21005,"[{""onset"":21156,""offset"":21421,""code"":-1.0}]",False,,unknown
VisualCogA_Task-1,1,VisualCogA_Task-1:008,8,22705,22757,88.69140625,0.203125,1,22545,23121,"[{""onset"":23272,""offset"":23572,""code"":1.0}]",False,,unknown
VisualCogA_Task-1,1,VisualCogA_Task-1:009,9,24854,24906,97.0859375,0.203125,1,24694,25270,"[{""onset"":25421,""offset"":25817,""code"":1.0}]",False,,unknown
VisualCogA_Task-1,1,VisualCogA_Task-1:010,10,27102,27154,105.8671875,0.203125,1,26942,27518,"[{""onset"":27669,""offset"":27970,""code"":1.0}]",False,,unknown
VisualCogA_Task-1,1,VisualCogA_Task-1:011,11,29254,29307,114.2734375,0.20703125,1,29094,29670,"[{""onset"":29822,""offset"":30096,""code"":1.0}]",False,,unknown
VisualCogA_Task-1,1,VisualCogA_Task-1:012,12,31379,31431,122.57421875,0.203125,-1,31219,31795,"[{""onset"":31946,""offset"":32238,""code"":-1.0}]",False,,unknown
VisualCogA_Task-1,1,VisualCogA_Task-1:013,13,33520,33572,130.9375,0.203125,-1,33360,33936,"[{""onset"":34087,""offset"":34391,""code"":-1.0}]",False,,unknown
VisualCogA_Task-1,1,VisualCogA_Task-1:014,14,35676,35728,139.359375,0.203125,1,35516,36092,"[{""onset"":36243,""offset"":36507,""code"":1.0}]",False,,unknown
VisualCogA_Task-1,1,VisualCogA_Task-1:015,15,37789,37841,147.61328125,0.203125,-1,37629,38205,"[{""onset"":38356,""offset"":38614,""code"":-1.0}]",False,,unknown
VisualCogA_Task-1,1,VisualCogA_Task-1:016,16,39897,39949,155.84765625,0.203125,1,39737,40313,"[{""onset"":40465,""offset"":40824,""code"":1.0}]",False,,unknown
VisualCogA_Task-1,1,VisualCogA_Task-1:017,17,42110,42162,164.4921875,0.203125,-1,41950,42526,"[{""onset"":42677,""offset"":42997,""code"":-1.0}]",False,,unknown
VisualCogA_Task-1,1,VisualCogA_Task-1:018,18,44282,44334,172.9765625,0.203125,-1,44122,44698,"[{""onset"":44849,""offset"":45160,""code"":-1.0}]",False,,unknown
VisualCogA_Task-1,1,VisualCogA_Task-1:019,19,46443,46495,181.41796875,0.203125,1,46283,46859,"[{""onset"":47010,""offset"":47295,""code"":1.0}]",False,,unknown
VisualCogA_Task-1,1,VisualCogA_Task-1:020,20,48579,48631,189.76171875,0.203125,-1,48419,48995,"[{""onset"":49147,""offset"":49392,""code"":-1.0}]",False,,unknown
VisualCogA_Task-1,1,VisualCogA_Task-1:021,21,50676,50728,197.953125,0.203125,-1,50516,51092,"[{""onset"":51243,""offset"":51571,""code"":-1.0}]",False,,unknown
VisualCogA_Task-1,1,VisualCogA_Task-1:022,22,52856,52908,206.46875,0.203125,1,52696,53272,"[{""onset"":53423,""offset"":53716,""code"":1.0}]",False,,unknown
VisualCogA_Task-1,1,VisualCogA_Task-1:023,23,55001,55053,214.84765625,0.203125,-1,54841,55417,"[{""onset"":55568,""offset"":55850,""code"":-1.0}]",False,,unknown
VisualCogA_Task-1,1,VisualCogA_Task-1:024,24,57133,57185,223.17578125,0.203125,-1,56973,57549,"[{""onset"":57700,""offset"":58029,""code"":-1.0}]",False,,unknown
VisualCogA_Task-1,1,VisualCogA_Task-1:025,25,59314,59366,231.6953125,0.203125,1,59154,59730,"[{""onset"":59881,""offset"":60125,""code"":1.0}]",False,,unknown
VisualCogA_Task-1,1,VisualCogA_Task-1:026,26,61410,61462,239.8828125,0.203125,1,61250,61826,"[{""onset"":61978,""offset"":62292,""code"":1.0}]",False,,unknown
VisualCogA_Task-1,1,VisualCogA_Task-1:027,27,63575,63627,248.33984375,0.203125,-1,63415,63991,"[{""onset"":64142,""offset"":64381,""code"":-1.0}]",False,,unknown
VisualCogA_Task-1,1,VisualCogA_Task-1:028,28,65663,65715,256.49609375,0.203125,-1,65503,66079,"[{""onset"":66231,""offset"":66575,""code"":-1.0}]",False,,unknown
VisualCogA_Task-1,1,VisualCogA_Task-1:029,29,67860,67912,265.078125,0.203125,-1,67700,68276,"[{""onset"":68427,""offset"":68692,""code"":-1.0}]",False,,unknown
VisualCogA_Task-1,1,VisualCogA_Task-1:030,30,69976,70028,273.34375,0.203125,-1,69816,70392,"[{""onset"":70544,""offset"":70795,""code"":-1.0}]",False,,unknown
VisualCogA_Task-1,1,VisualCogA_Task-1:031,31,72081,72133,281.56640625,0.203125,1,71921,72497,"[{""onset"":72648,""offset"":72986,""code"":1.0}]",False,,unknown
VisualCogA_Task-1,1,VisualCogA_Task-1:032,32,74269,74321,290.11328125,0.203125,1,74109,74685,"[{""onset"":74837,""offset"":75138,""code"":1.0}]",False,,unknown
VisualCogA_Task-1,1,VisualCogA_Task-1:033,33,76422,76474,298.5234375,0.203125,-1,76262,76838,"[{""onset"":76989,""offset"":77391,""code"":-1.0}]",False,,unknown
VisualCogA_Task-1,1,VisualCogA_Task-1:034,34,78674,78726,307.3203125,0.203125,1,78514,79090,"[{""onset"":79241,""offset"":79509,""code"":1.0}]",False,,unknown
VisualCogA_Task-1,1,VisualCogA_Task-1:035,35,80791,80843,315.58984375,0.203125,-1,80631,81207,"[{""onset"":81358,""offset"":81646,""code"":-1.0}]",False,,unknown
VisualCogA_Task-1,1,VisualCogA_Task-1:036,36,82931,82983,323.94921875,0.203125,-1,82771,83347,"[{""onset"":83499,""offset"":83790,""code"":-1.0}]",False,,unknown
VisualCogA_Task-1,1,VisualCogA_Task-1:037,37,85076,85128,332.328125,0.203125,-1,84916,85492,"[{""onset"":85643,""offset"":85922,""code"":-1.0}]",False,,unknown
VisualCogA_Task-1,1,VisualCogA_Task-1:038,38,87204,87256,340.640625,0.203125,-1,87044,87620,"[{""onset"":87772,""offset"":88067,""code"":-1.0}]",False,,unknown
VisualCogA_Task-1,1,VisualCogA_Task-1:039,39,89353,89405,349.03515625,0.203125,-1,89193,89769,"[{""onset"":89920,""offset"":90170,""code"":-1.0}]",False,,unknown
VisualCogA_Task-1,1,VisualCogA_Task-1:040,40,91453,91505,357.23828125,0.203125,-1,91293,91869,"[{""onset"":92021,""offset"":92268,""code"":-1.0}]",False,,unknown
VisualCogA_Task-1,1,VisualCogA_Task-1:041,41,93554,93606,365.4453125,0.203125,1,93394,93970,"[{""onset"":94122,""offset"":94412,""code"":1.0}]",False,,unknown
VisualCogA_Task-1,1,VisualCogA_Task-1:042,42,95698,95751,373.8203125,0.20703125,-1,95538,96114,"[{""onset"":96266,""offset"":96596,""code"":-1.0}]",False,,unknown
VisualCogA_Task-1,1,VisualCogA_Task-1:043,43,97879,97931,382.33984375,0.203125,1,97719,98295,"[{""onset"":98446,""offset"":98713,""code"":1.0}]",False,,unknown
VisualCogA_Task-1,1,VisualCogA_Task-1:044,44,99995,100048,390.60546875,0.20703125,-1,99835,100411,"[{""onset"":100563,""offset"":100811,""code"":-1.0}]",False,,unknown
VisualCogA_Task-1,1,VisualCogA_Task-1:045,45,102096,102148,398.8125,0.203125,-1,101936,102512,"[{""onset"":102663,""offset"":102949,""code"":-1.0}]",False,,unknown
VisualCogA_Task-1,1,VisualCogA_Task-1:046,46,104233,104285,407.16015625,0.203125,-1,104073,104649,"[{""onset"":104800,""offset"":105138,""code"":-1.0}]",False,,unknown
VisualCogA_Task-1,1,VisualCogA_Task-1:047,47,106421,106473,415.70703125,0.203125,1,106261,106837,"[{""onset"":106988,""offset"":107311,""code"":1.0}]",False,,unknown
VisualCogA_Task-1,1,VisualCogA_Task-1:048,48,108593,108646,424.19140625,0.20703125,-1,108433,109009,"[{""onset"":109161,""offset"":109441,""code"":-1.0}]",False,,unknown
VisualCogA_Task-1,1,VisualCogA_Task-1:049,49,110726,110778,432.5234375,0.203125,-1,110566,111142,"[{""onset"":111293,""offset"":111553,""code"":-1.0}]",False,,unknown
VisualCogA_Task-1,1,VisualCogA_Task-1:050,50,112835,112887,440.76171875,0.203125,1,112675,113251,"[{""onset"":113402,""offset"":113700,""code"":1.0}]",False,,unknown
VisualCogA_Task-1,1,VisualCogA_Task-1:051,51,114983,115035,449.15234375,0.203125,1,114823,115399,"[{""onset"":115551,""offset"":115865,""code"":1.0}]",False,,unknown
VisualCogA_Task-1,1,VisualCogA_Task-1:052,52,117148,117200,457.609375,0.203125,1,116988,117564,"[{""onset"":117715,""offset"":117979,""code"":1.0}]",False,,unknown
VisualCogA_Task-1,1,VisualCogA_Task-1:053,53,119264,119316,465.875,0.203125,-1,119104,119680,"[{""onset"":119832,""offset"":120130,""code"":-1.0}]",False,,unknown
VisualCogA_Task-1,1,VisualCogA_Task-1:054,54,121417,121469,474.28515625,0.203125,1,121257,121833,"[{""onset"":121984,""offset"":122259,""code"":1.0}]",False,,unknown
VisualCogA_Task-1,1,VisualCogA_Task-1:055,55,123541,123593,482.58203125,0.203125,-1,123381,123957,"[{""onset"":124109,""offset"":124416,""code"":-1.0}]",False,,unknown
VisualCogA_Task-1,1,VisualCogA_Task-1:056,56,125702,125754,491.0234375,0.203125,-1,125542,126118,"[{""onset"":126269,""offset"":126579,""code"":-1.0}]",False,,unknown
VisualCogA_Task-1,1,VisualCogA_Task-1:057,57,127862,127914,499.4609375,0.203125,1,127702,128278,"[{""onset"":128429,""offset"":128743,""code"":1.0}]",False,,unknown
VisualCogA_Task-1,1,VisualCogA_Task-1:058,58,130027,130079,507.91796875,0.203125,1,129867,130443,"[{""onset"":130594,""offset"":130890,""code"":1.0}]",False,,unknown
VisualCogA_Task-1,1,VisualCogA_Task-1:059,59,132175,132227,516.30859375,0.203125,-1,132015,132591,"[{""onset"":132742,""offset"":133052,""code"":-1.0}]",False,,unknown
VisualCogA_Task-1,1,VisualCogA_Task-1:060,60,134336,134388,524.75,0.203125,1,134176,134752,"[{""onset"":134903,""offset"":135373,""code"":1.0}]",False,,unknown
VisualCogA_Task-1,1,VisualCogA_Task-1:061,61,136656,136708,533.8125,0.203125,-1,136496,137072,"[{""onset"":137223,""offset"":137503,""code"":-1.0}]",False,,unknown
VisualCogA_Task-1,1,VisualCogA_Task-1:062,62,138788,138841,542.140625,0.20703125,1,138628,139204,"[{""onset"":139356,""offset"":139658,""code"":1.0}]",False,,unknown
VisualCogA_Task-1,1,VisualCogA_Task-1:063,63,140941,140993,550.55078125,0.203125,1,140781,141357,"[{""onset"":141508,""offset"":141755,""code"":1.0}]",False,,unknown
VisualCogA_Task-1,1,VisualCogA_Task-1:064,64,143037,143090,558.73828125,0.20703125,-1,142877,143453,"[{""onset"":143605,""offset"":143927,""code"":-1.0}]",False,,unknown
VisualCogA_Task-1,1,VisualCogA_Task-1:065,65,145214,145266,567.2421875,0.203125,1,145054,145630,"[{""onset"":145781,""offset"":146056,""code"":1.0}]",False,,unknown
VisualCogA_Task-1,1,VisualCogA_Task-1:066,66,147338,147391,575.5390625,0.20703125,-1,147178,147754,"[{""onset"":147906,""offset"":148211,""code"":-1.0}]",False,,unknown
VisualCogA_Task-1,1,VisualCogA_Task-1:067,67,149495,149547,583.96484375,0.203125,-1,149335,149911,"[{""onset"":150062,""offset"":150326,""code"":-1.0}]",False,,unknown
VisualCogA_Task-1,1,VisualCogA_Task-1:068,68,151611,151664,592.23046875,0.20703125,1,151451,152027,"[{""onset"":152179,""offset"":152477,""code"":1.0}]",False,,unknown
VisualCogA_Task-1,1,VisualCogA_Task-1:069,69,153760,153812,600.625,0.203125,1,153600,154176,"[{""onset"":154327,""offset"":154607,""code"":1.0}]",False,,unknown
VisualCogA_Task-1,1,VisualCogA_Task-1:070,70,155889,155941,608.94140625,0.203125,-1,155729,156305,"[{""onset"":156456,""offset"":156733,""code"":-1.0}]",False,,unknown
VisualCogA_Task-1,1,VisualCogA_Task-1:071,71,158017,158069,617.25390625,0.203125,1,157857,158433,"[{""onset"":158584,""offset"":158806,""code"":1.0}]",False,,unknown
VisualCogA_Task-1,1,VisualCogA_Task-1:072,72,160090,160142,625.3515625,0.203125,-1,159930,160506,"[{""onset"":160657,""offset"":160971,""code"":-1.0}]",False,,unknown
VisualCogA_Task-1,1,VisualCogA_Task-1:073,73,162254,162306,633.8046875,0.203125,1,162094,162670,"[{""onset"":162821,""offset"":163082,""code"":1.0}]",False,,unknown
VisualCogA_Task-1,1,VisualCogA_Task-1:074,74,164367,164419,642.05859375,0.203125,-1,164207,164783,"[{""onset"":164934,""offset"":165210,""code"":-1.0}]",False,,unknown
VisualCogA_Task-1,1,VisualCogA_Task-1:075,75,166495,166547,650.37109375,0.203125,1,166335,166911,"[{""onset"":167063,""offset"":167313,""code"":1.0}]",False,,unknown
VisualCogA_Task-1,1,VisualCogA_Task-1:076,76,168596,168648,658.578125,0.203125,-1,168436,169012,"[{""onset"":169163,""offset"":169453,""code"":-1.0}]",False,,unknown
VisualCogA_Task-1,1,VisualCogA_Task-1:077,77,170736,170789,666.9375,0.20703125,-1,170576,171152,"[{""onset"":171304,""offset"":171576,""code"":-1.0}]",False,,unknown
VisualCogA_Task-1,1,VisualCogA_Task-1:078,78,172861,172913,675.23828125,0.203125,-1,172701,173277,"[{""onset"":173429,""offset"":173717,""code"":-1.0}]",False,,unknown
VisualCogA_Task-1,1,VisualCogA_Task-1:079,79,175002,175054,683.6015625,0.203125,-1,174842,175418,"[{""onset"":175569,""offset"":175883,""code"":-1.0}]",False,,unknown
VisualCogA_Task-1,1,VisualCogA_Task-1:080,80,177170,177222,692.0703125,0.203125,-1,177010,177586,"[{""onset"":177737,""offset"":178035,""code"":-1.0}]",False,,unknown
VisualCogA_Task-1,1,VisualCogA_Task-1:081,81,179318,179371,700.4609375,0.20703125,1,179158,179734,"[{""onset"":179886,""offset"":180176,""code"":1.0}]",False,,unknown
VisualCogA_Task-1,1,VisualCogA_Task-1:082,82,181459,181511,708.82421875,0.203125,-1,181299,181875,"[{""onset"":182026,""offset"":182274,""code"":-1.0}]",False,,unknown
VisualCogA_Task-1,1,VisualCogA_Task-1:083,83,183556,183608,717.015625,0.203125,1,183396,183972,"[{""onset"":184123,""offset"":184388,""code"":1.0}]",False,,unknown
VisualCogA_Task-1,1,VisualCogA_Task-1:084,84,185672,185724,725.28125,0.203125,-1,185512,186088,"[{""onset"":186239,""offset"":186504,""code"":-1.0}]",False,,unknown
VisualCogA_Task-1,1,VisualCogA_Task-1:085,85,187789,187841,733.55078125,0.203125,1,187629,188205,"[{""onset"":188356,""offset"":188625,""code"":1.0}]",False,,unknown
VisualCogA_Task-1,1,VisualCogA_Task-1:086,86,189909,189961,741.83203125,0.203125,1,189749,190325,"[{""onset"":190477,""offset"":190801,""code"":1.0}]",False,,unknown
VisualCogA_Task-1,1,VisualCogA_Task-1:087,87,192086,192138,750.3359375,0.203125,1,191926,192502,"[{""onset"":192653,""offset"":192927,""code"":1.0}]",False,,unknown
VisualCogA_Task-1,1,VisualCogA_Task-1:088,88,194210,194262,758.6328125,0.203125,1,194050,194626,"[{""onset"":194778,""offset"":195055,""code"":1.0}]",False,,unknown
VisualCogA_Task-1,1,VisualCogA_Task-1:089,89,196339,196391,766.94921875,0.203125,1,196179,196755,"[{""onset"":196906,""offset"":197165,""code"":1.0}]",False,,unknown
VisualCogA_Task-1,1,VisualCogA_Task-1:090,90,198451,198504,775.19921875,0.20703125,-1,198291,198867,"[{""onset"":199019,""offset"":199371,""code"":-1.0}]",False,,unknown
VisualCogA_Task-1,1,VisualCogA_Task-1:091,91,200656,200708,783.8125,0.203125,1,200496,201072,"[{""onset"":201223,""offset"":201475,""code"":1.0}]",False,,unknown
VisualCogA_Task-1,1,VisualCogA_Task-1:092,92,202756,202808,792.015625,0.203125,1,202596,203172,"[{""onset"":203324,""offset"":203657,""code"":1.0}]",False,,unknown
VisualCogA_Task-1,1,VisualCogA_Task-1:093,93,204941,204993,800.55078125,0.203125,1,204781,205357,"[{""onset"":205508,""offset"":205829,""code"":1.0}]",False,,unknown
VisualCogA_Task-1,1,VisualCogA_Task-1:094,94,207113,207165,809.03515625,0.203125,-1,206953,207529,"[{""onset"":207681,""offset"":208003,""code"":-1.0}]",False,,unknown
VisualCogA_Task-1,1,VisualCogA_Task-1:095,95,209286,209338,817.5234375,0.203125,1,209126,209702,"[{""onset"":209853,""offset"":210099,""code"":1.0}]",False,,unknown
VisualCogA_Task-1,1,VisualCogA_Task-1:096,96,211382,211434,825.7109375,0.203125,1,211222,211798,"[{""onset"":211950,""offset"":212182,""code"":1.0}]",False,,unknown
VisualCogA_Task-1,1,VisualCogA_Task-1:097,97,213467,213519,833.85546875,0.203125,-1,213307,213883,"[{""onset"":214034,""offset"":214334,""code"":-1.0}]",False,,unknown
VisualCogA_Task-1,1,VisualCogA_Task-1:098,98,215619,215672,842.26171875,0.20703125,-1,215459,216035,"[{""onset"":216187,""offset"":216530,""code"":-1.0}]",False,,unknown
VisualCogA_Task-1,1,VisualCogA_Task-1:099,99,217816,217868,850.84375,0.203125,1,217656,218232,"[{""onset"":218383,""offset"":218710,""code"":1.0}]",False,,unknown
VisualCogA_Task-2,2,VisualCogA_Task-2:000,0,5133,5185,20.05078125,0.203125,1,4973,5549,"[{""onset"":5701,""offset"":6134,""code"":-1.0},{""onset"":6134,""offset"":6135,""code"":-2.0}]",False,6134,candidate_target_and_response_marker
VisualCogA_Task-2,2,VisualCogA_Task-2:001,1,7418,7470,28.9765625,0.203125,-1,7258,7834,"[{""onset"":7985,""offset"":8490,""code"":-1.0},{""onset"":8490,""offset"":8491,""code"":-2.0}]",False,8490,candidate_target_and_response_marker
VisualCogA_Task-2,2,VisualCogA_Task-2:002,2,9778,9830,38.1953125,0.203125,-1,9618,10194,"[{""onset"":10345,""offset"":10730,""code"":-1.0},{""onset"":10730,""offset"":10731,""code"":-2.0}]",False,10730,candidate_target_and_response_marker
VisualCogA_Task-2,2,VisualCogA_Task-2:003,3,12014,12066,46.9296875,0.203125,-1,11854,12430,"[{""onset"":12581,""offset"":12969,""code"":-1.0},{""onset"":12969,""offset"":12970,""code"":-2.0}]",False,12969,candidate_target_and_response_marker
VisualCogA_Task-2,2,VisualCogA_Task-2:004,4,14255,14307,55.68359375,0.203125,1,14095,14671,"[{""onset"":14822,""offset"":15193,""code"":-1.0},{""onset"":15193,""offset"":15194,""code"":-2.0}]",False,15193,candidate_target_and_response_marker
VisualCogA_Task-2,2,VisualCogA_Task-2:005,5,16479,16531,64.37109375,0.203125,-1,16319,16895,"[{""onset"":17046,""offset"":17389,""code"":1.0},{""onset"":17389,""offset"":17390,""code"":2.0}]",False,17389,candidate_target_and_response_marker
VisualCogA_Task-2,2,VisualCogA_Task-2:006,6,18675,18727,72.94921875,0.203125,1,18515,19091,"[{""onset"":19243,""offset"":19580,""code"":-1.0},{""onset"":19580,""offset"":19581,""code"":-2.0}]",False,19580,candidate_target_and_response_marker
VisualCogA_Task-2,2,VisualCogA_Task-2:007,7,20864,20916,81.5,0.203125,1,20704,21280,"[{""onset"":21431,""offset"":21772,""code"":-1.0},{""onset"":21772,""offset"":21773,""code"":-2.0}]",False,21772,candidate_target_and_response_marker
VisualCogA_Task-2,2,VisualCogA_Task-2:008,8,23056,23108,90.0625,0.203125,-1,22896,23472,"[{""onset"":23624,""offset"":24050,""code"":1.0},{""onset"":24050,""offset"":24051,""code"":2.0}]",False,24050,candidate_target_and_response_marker
VisualCogA_Task-2,2,VisualCogA_Task-2:009,9,25337,25389,98.97265625,0.203125,-1,25177,25753,"[{""onset"":25904,""offset"":26248,""code"":-1.0},{""onset"":26248,""offset"":26249,""code"":-2.0}]",False,26248,candidate_target_and_response_marker
VisualCogA_Task-2,2,VisualCogA_Task-2:010,10,27533,27585,107.55078125,0.203125,1,27373,27949,"[{""onset"":28100,""offset"":28478,""code"":1.0},{""onset"":28478,""offset"":28479,""code"":2.0}]",False,28478,candidate_target_and_response_marker
VisualCogA_Task-2,2,VisualCogA_Task-2:011,11,29761,29814,116.25390625,0.20703125,1,29601,30177,"[{""onset"":30329,""offset"":30687,""code"":-1.0},{""onset"":30687,""offset"":30688,""code"":-2.0}]",False,30687,candidate_target_and_response_marker
VisualCogA_Task-2,2,VisualCogA_Task-2:012,12,31970,32022,124.8828125,0.203125,1,31810,32386,"[{""onset"":32537,""offset"":32883,""code"":-1.0},{""onset"":32883,""offset"":32884,""code"":-2.0}]",False,32883,candidate_target_and_response_marker
VisualCogA_Task-2,2,VisualCogA_Task-2:013,13,34166,34218,133.4609375,0.203125,-1,34006,34582,"[{""onset"":34734,""offset"":35127,""code"":-1.0},{""onset"":35127,""offset"":35128,""code"":-2.0}]",False,35127,candidate_target_and_response_marker
VisualCogA_Task-2,2,VisualCogA_Task-2:014,14,36415,36467,142.24609375,0.203125,-1,36255,36831,"[{""onset"":36982,""offset"":37415,""code"":1.0},{""onset"":37415,""offset"":37416,""code"":2.0}]",False,37415,candidate_target_and_response_marker
VisualCogA_Task-2,2,VisualCogA_Task-2:015,15,38699,38751,151.16796875,0.203125,-1,38539,39115,"[{""onset"":39267,""offset"":39657,""code"":1.0},{""onset"":39657,""offset"":39658,""code"":2.0}]",False,39657,candidate_target_and_response_marker
VisualCogA_Task-2,2,VisualCogA_Task-2:016,16,40943,40996,159.93359375,0.20703125,1,40783,41359,"[{""onset"":41511,""offset"":41874,""code"":-1.0},{""onset"":41874,""offset"":41875,""code"":-2.0}]",False,41874,candidate_target_and_response_marker
VisualCogA_Task-2,2,VisualCogA_Task-2:017,17,43164,43216,168.609375,0.203125,1,43004,43580,"[{""onset"":43731,""offset"":44133,""code"":1.0},{""onset"":44133,""offset"":44134,""code"":2.0}]",False,44133,candidate_target_and_response_marker
VisualCogA_Task-2,2,VisualCogA_Task-2:018,18,45420,45472,177.421875,0.203125,-1,45260,45836,"[{""onset"":45988,""offset"":46306,""code"":1.0},{""onset"":46306,""offset"":46307,""code"":2.0}]",False,46306,candidate_target_and_response_marker
VisualCogA_Task-2,2,VisualCogA_Task-2:019,19,47593,47645,185.91015625,0.203125,-1,47433,48009,"[{""onset"":48160,""offset"":48538,""code"":1.0},{""onset"":48538,""offset"":48539,""code"":2.0}]",False,48538,candidate_target_and_response_marker
VisualCogA_Task-2,2,VisualCogA_Task-2:020,20,49821,49873,194.61328125,0.203125,1,49661,50237,"[{""onset"":50388,""offset"":50719,""code"":-1.0},{""onset"":50719,""offset"":50720,""code"":-2.0}]",False,50719,candidate_target_and_response_marker
VisualCogA_Task-2,2,VisualCogA_Task-2:021,21,52005,52058,203.14453125,0.20703125,-1,51845,52421,"[{""onset"":52573,""offset"":52939,""code"":-1.0},{""onset"":52939,""offset"":52940,""code"":-2.0}]",False,52939,candidate_target_and_response_marker
VisualCogA_Task-2,2,VisualCogA_Task-2:022,22,54226,54278,211.8203125,0.203125,1,54066,54642,"[{""onset"":54793,""offset"":55131,""code"":1.0},{""onset"":55131,""offset"":55132,""code"":2.0}]",False,55131,candidate_target_and_response_marker
VisualCogA_Task-2,2,VisualCogA_Task-2:023,23,56418,56470,220.3828125,0.203125,1,56258,56834,"[{""onset"":56986,""offset"":57344,""code"":-1.0},{""onset"":57344,""offset"":57345,""code"":-2.0}]",False,57344,candidate_target_and_response_marker
VisualCogA_Task-2,2,VisualCogA_Task-2:024,24,58631,58683,229.02734375,0.203125,-1,58471,59047,"[{""onset"":59198,""offset"":59512,""code"":1.0},{""onset"":59512,""offset"":59513,""code"":2.0}]",False,59512,candidate_target_and_response_marker
VisualCogA_Task-2,2,VisualCogA_Task-2:025,25,60795,60847,237.48046875,0.203125,-1,60635,61211,"[{""onset"":61363,""offset"":61688,""code"":1.0},{""onset"":61688,""offset"":61689,""code"":2.0}]",False,61688,candidate_target_and_response_marker
VisualCogA_Task-2,2,VisualCogA_Task-2:026,26,62972,63024,245.984375,0.203125,1,62812,63388,"[{""onset"":63539,""offset"":63895,""code"":1.0},{""onset"":63895,""offset"":63896,""code"":2.0}]",False,63895,candidate_target_and_response_marker
VisualCogA_Task-2,2,VisualCogA_Task-2:027,27,65181,65233,254.61328125,0.203125,1,65021,65597,"[{""onset"":65748,""offset"":66119,""code"":1.0},{""onset"":66119,""offset"":66120,""code"":2.0}]",False,66119,candidate_target_and_response_marker
VisualCogA_Task-2,2,VisualCogA_Task-2:028,28,67405,67457,263.30078125,0.203125,1,67245,67821,"[{""onset"":67972,""offset"":68399,""code"":1.0},{""onset"":68399,""offset"":68400,""code"":2.0}]",False,68399,candidate_target_and_response_marker
VisualCogA_Task-2,2,VisualCogA_Task-2:029,29,69685,69737,272.20703125,0.203125,-1,69525,70101,"[{""onset"":70252,""offset"":70656,""code"":-1.0},{""onset"":70656,""offset"":70657,""code"":-2.0}]",False,70656,candidate_target_and_response_marker
VisualCogA_Task-2,2,VisualCogA_Task-2:030,30,71941,71993,281.01953125,0.203125,-1,71781,72357,"[{""onset"":72509,""offset"":72819,""code"":1.0},{""onset"":72819,""offset"":72820,""code"":2.0}]",False,72819,candidate_target_and_response_marker
VisualCogA_Task-2,2,VisualCogA_Task-2:031,31,74110,74162,289.4921875,0.203125,-1,73950,74526,"[{""onset"":74677,""offset"":74976,""code"":1.0},{""onset"":74976,""offset"":74977,""code"":2.0}]",False,74976,candidate_target_and_response_marker
VisualCogA_Task-2,2,VisualCogA_Task-2:032,32,76262,76314,297.8984375,0.203125,1,76102,76678,"[{""onset"":76830,""offset"":77164,""code"":1.0},{""onset"":77164,""offset"":77165,""code"":2.0}]",False,77164,candidate_target_and_response_marker
VisualCogA_Task-2,2,VisualCogA_Task-2:033,33,78455,78507,306.46484375,0.203125,-1,78295,78871,"[{""onset"":79022,""offset"":79406,""code"":-1.0},{""onset"":79406,""offset"":79407,""code"":-2.0}]",False,79406,candidate_target_and_response_marker
VisualCogA_Task-2,2,VisualCogA_Task-2:034,34,80691,80743,315.19921875,0.203125,-1,80531,81107,"[{""onset"":81258,""offset"":81632,""code"":-1.0},{""onset"":81632,""offset"":81633,""code"":-2.0}]",False,81632,candidate_target_and_response_marker
VisualCogA_Task-2,2,VisualCogA_Task-2:035,35,82915,82968,323.88671875,0.20703125,1,82755,83331,"[{""onset"":83483,""offset"":83785,""code"":1.0},{""onset"":83785,""offset"":83786,""code"":2.0}]",False,83785,candidate_target_and_response_marker
VisualCogA_Task-2,2,VisualCogA_Task-2:036,36,85072,85124,332.3125,0.203125,1,84912,85488,"[{""onset"":85639,""offset"":85983,""code"":1.0},{""onset"":85983,""offset"":85984,""code"":2.0}]",False,85983,candidate_target_and_response_marker
VisualCogA_Task-2,2,VisualCogA_Task-2:037,37,87272,87325,340.90625,0.20703125,-1,87112,87688,"[{""onset"":87840,""offset"":88205,""code"":1.0},{""onset"":88205,""offset"":88206,""code"":2.0}]",False,88205,candidate_target_and_response_marker
VisualCogA_Task-2,2,VisualCogA_Task-2:038,38,89489,89541,349.56640625,0.203125,1,89329,89905,"[{""onset"":90057,""offset"":90473,""code"":1.0},{""onset"":90473,""offset"":90474,""code"":2.0}]",False,90473,candidate_target_and_response_marker
VisualCogA_Task-2,2,VisualCogA_Task-2:039,39,91757,91810,358.42578125,0.20703125,-1,91597,92173,"[{""onset"":92325,""offset"":92650,""code"":1.0},{""onset"":92650,""offset"":92651,""code"":2.0}]",False,92650,candidate_target_and_response_marker
VisualCogA_Task-2,2,VisualCogA_Task-2:040,40,93938,93990,366.9453125,0.203125,-1,93778,94354,"[{""onset"":94505,""offset"":94897,""code"":-1.0},{""onset"":94897,""offset"":94898,""code"":-2.0}]",False,94897,candidate_target_and_response_marker
VisualCogA_Task-2,2,VisualCogA_Task-2:041,41,96182,96235,375.7109375,0.20703125,-1,96022,96598,"[{""onset"":96750,""offset"":97091,""code"":-1.0},{""onset"":97091,""offset"":97092,""code"":-2.0}]",False,97091,candidate_target_and_response_marker
VisualCogA_Task-2,2,VisualCogA_Task-2:042,42,98375,98427,384.27734375,0.203125,-1,98215,98791,"[{""onset"":98942,""offset"":99283,""code"":-1.0},{""onset"":99283,""offset"":99284,""code"":-2.0}]",False,99283,candidate_target_and_response_marker
VisualCogA_Task-2,2,VisualCogA_Task-2:043,43,100571,100623,392.85546875,0.203125,-1,100411,100987,"[{""onset"":101139,""offset"":101557,""code"":1.0},{""onset"":101557,""offset"":101558,""code"":2.0}]",False,101557,candidate_target_and_response_marker
VisualCogA_Task-2,2,VisualCogA_Task-2:044,44,102843,102896,401.73046875,0.20703125,-1,102683,103259,"[{""onset"":103411,""offset"":103719,""code"":1.0},{""onset"":103719,""offset"":103720,""code"":2.0}]",False,103719,candidate_target_and_response_marker
VisualCogA_Task-2,2,VisualCogA_Task-2:045,45,105004,105056,410.171875,0.203125,-1,104844,105420,"[{""onset"":105572,""offset"":105915,""code"":-1.0},{""onset"":105915,""offset"":105916,""code"":-2.0}]",False,105915,candidate_target_and_response_marker
VisualCogA_Task-2,2,VisualCogA_Task-2:046,46,107201,107253,418.75390625,0.203125,-1,107041,107617,"[{""onset"":107768,""offset"":108081,""code"":1.0},{""onset"":108081,""offset"":108082,""code"":2.0}]",False,108081,candidate_target_and_response_marker
VisualCogA_Task-2,2,VisualCogA_Task-2:047,47,109365,109417,427.20703125,0.203125,-1,109205,109781,"[{""onset"":109933,""offset"":110317,""code"":-1.0},{""onset"":110317,""offset"":110318,""code"":-2.0}]",False,110317,candidate_target_and_response_marker
VisualCogA_Task-2,2,VisualCogA_Task-2:048,48,111601,111654,435.94140625,0.20703125,1,111441,112017,"[{""onset"":112169,""offset"":112551,""code"":-1.0},{""onset"":112551,""offset"":112552,""code"":-2.0}]",False,112551,candidate_target_and_response_marker
VisualCogA_Task-2,2,VisualCogA_Task-2:049,49,113838,113890,444.6796875,0.203125,1,113678,114254,"[{""onset"":114406,""offset"":114785,""code"":-1.0},{""onset"":114785,""offset"":114786,""code"":-2.0}]",False,114785,candidate_target_and_response_marker
VisualCogA_Task-2,2,VisualCogA_Task-2:050,50,116071,116123,453.40234375,0.203125,-1,115911,116487,"[{""onset"":116638,""offset"":117011,""code"":1.0},{""onset"":117011,""offset"":117012,""code"":2.0}]",False,117011,candidate_target_and_response_marker
VisualCogA_Task-2,2,VisualCogA_Task-2:051,51,118295,118347,462.08984375,0.203125,1,118135,118711,"[{""onset"":118862,""offset"":119158,""code"":1.0},{""onset"":119158,""offset"":119159,""code"":2.0}]",False,119158,candidate_target_and_response_marker
VisualCogA_Task-2,2,VisualCogA_Task-2:052,52,120443,120495,470.48046875,0.203125,1,120283,120859,"[{""onset"":121011,""offset"":121380,""code"":-1.0},{""onset"":121380,""offset"":121381,""code"":-2.0}]",False,121380,candidate_target_and_response_marker
VisualCogA_Task-2,2,VisualCogA_Task-2:053,53,122664,122716,479.15625,0.203125,-1,122504,123080,"[{""onset"":123231,""offset"":123590,""code"":1.0},{""onset"":123590,""offset"":123591,""code"":2.0}]",False,123590,candidate_target_and_response_marker
VisualCogA_Task-2,2,VisualCogA_Task-2:054,54,124876,124928,487.796875,0.203125,-1,124716,125292,"[{""onset"":125444,""offset"":125768,""code"":1.0},{""onset"":125768,""offset"":125769,""code"":2.0}]",False,125768,candidate_target_and_response_marker
VisualCogA_Task-2,2,VisualCogA_Task-2:055,55,127057,127109,496.31640625,0.203125,1,126897,127473,"[{""onset"":127624,""offset"":127994,""code"":1.0},{""onset"":127994,""offset"":127995,""code"":2.0}]",False,127994,candidate_target_and_response_marker
VisualCogA_Task-2,2,VisualCogA_Task-2:056,56,129277,129329,504.98828125,0.203125,1,129117,129693,"[{""onset"":129845,""offset"":130217,""code"":-1.0},{""onset"":130217,""offset"":130218,""code"":-2.0}]",False,130217,candidate_target_and_response_marker
VisualCogA_Task-2,2,VisualCogA_Task-2:057,57,131502,131554,513.6796875,0.203125,1,131342,131918,"[{""onset"":132069,""offset"":132454,""code"":1.0},{""onset"":132454,""offset"":132455,""code"":2.0}]",False,132454,candidate_target_and_response_marker
VisualCogA_Task-2,2,VisualCogA_Task-2:058,58,133738,133790,522.4140625,0.203125,1,133578,134154,"[{""onset"":134306,""offset"":134681,""code"":-1.0},{""onset"":134681,""offset"":134682,""code"":-2.0}]",False,134681,candidate_target_and_response_marker
VisualCogA_Task-2,2,VisualCogA_Task-2:059,59,135966,136019,531.1171875,0.20703125,1,135806,136382,"[{""onset"":136534,""offset"":136916,""code"":-1.0},{""onset"":136916,""offset"":136917,""code"":-2.0}]",False,136916,candidate_target_and_response_marker
VisualCogA_Task-2,2,VisualCogA_Task-2:060,60,138203,138255,539.85546875,0.203125,-1,138043,138619,"[{""onset"":138770,""offset"":139159,""code"":1.0},{""onset"":139159,""offset"":139160,""code"":2.0}]",False,139159,candidate_target_and_response_marker
VisualCogA_Task-2,2,VisualCogA_Task-2:061,61,140443,140495,548.60546875,0.203125,1,140283,140859,"[{""onset"":141011,""offset"":141339,""code"":-1.0},{""onset"":141339,""offset"":141340,""code"":-2.0}]",False,141339,candidate_target_and_response_marker
VisualCogA_Task-2,2,VisualCogA_Task-2:062,62,142628,142680,557.140625,0.203125,-1,142468,143044,"[{""onset"":143195,""offset"":143542,""code"":1.0},{""onset"":143542,""offset"":143543,""code"":2.0}]",False,143542,candidate_target_and_response_marker
VisualCogA_Task-2,2,VisualCogA_Task-2:063,63,144828,144880,565.734375,0.203125,-1,144668,145244,"[{""onset"":145396,""offset"":145740,""code"":-1.0},{""onset"":145740,""offset"":145741,""code"":-2.0}]",False,145740,candidate_target_and_response_marker
VisualCogA_Task-2,2,VisualCogA_Task-2:064,64,147025,147077,574.31640625,0.203125,1,146865,147441,"[{""onset"":147592,""offset"":147915,""code"":1.0},{""onset"":147915,""offset"":147916,""code"":2.0}]",False,147915,candidate_target_and_response_marker
VisualCogA_Task-2,2,VisualCogA_Task-2:065,65,149201,149253,582.81640625,0.203125,-1,149041,149617,"[{""onset"":149769,""offset"":150099,""code"":-1.0},{""onset"":150099,""offset"":150100,""code"":-2.0}]",False,150099,candidate_target_and_response_marker
VisualCogA_Task-2,2,VisualCogA_Task-2:066,66,151386,151438,591.3515625,0.203125,1,151226,151802,"[{""onset"":151953,""offset"":152275,""code"":1.0},{""onset"":152275,""offset"":152276,""code"":2.0}]",False,152275,candidate_target_and_response_marker
VisualCogA_Task-2,2,VisualCogA_Task-2:067,67,153562,153614,599.8515625,0.203125,1,153402,153978,"[{""onset"":154129,""offset"":154519,""code"":-1.0},{""onset"":154519,""offset"":154520,""code"":-2.0}]",False,154519,candidate_target_and_response_marker
VisualCogA_Task-2,2,VisualCogA_Task-2:068,68,155802,155855,608.6015625,0.20703125,-1,155642,156218,"[{""onset"":156370,""offset"":156765,""code"":-1.0},{""onset"":156765,""offset"":156766,""code"":-2.0}]",False,156765,candidate_target_and_response_marker
VisualCogA_Task-2,2,VisualCogA_Task-2:069,69,158051,158103,617.38671875,0.203125,-1,157891,158467,"[{""onset"":158618,""offset"":158959,""code"":-1.0},{""onset"":158959,""offset"":158960,""code"":-2.0}]",False,158959,candidate_target_and_response_marker
VisualCogA_Task-2,2,VisualCogA_Task-2:070,70,160243,160295,625.94921875,0.203125,1,160083,160659,"[{""onset"":160811,""offset"":161126,""code"":-1.0},{""onset"":161126,""offset"":161127,""code"":-2.0}]",False,161126,candidate_target_and_response_marker
VisualCogA_Task-2,2,VisualCogA_Task-2:071,71,162412,162464,634.421875,0.203125,1,162252,162828,"[{""onset"":162979,""offset"":163276,""code"":-1.0},{""onset"":163276,""offset"":163277,""code"":-2.0}]",False,163276,candidate_target_and_response_marker
VisualCogA_Task-2,2,VisualCogA_Task-2:072,72,164560,164612,642.8125,0.203125,1,164400,164976,"[{""onset"":165127,""offset"":165503,""code"":1.0},{""onset"":165503,""offset"":165504,""code"":2.0}]",False,165503,candidate_target_and_response_marker
VisualCogA_Task-2,2,VisualCogA_Task-2:073,73,166789,166841,651.51953125,0.203125,1,166629,167205,"[{""onset"":167356,""offset"":167721,""code"":-1.0},{""onset"":167721,""offset"":167722,""code"":-2.0}]",False,167721,candidate_target_and_response_marker
VisualCogA_Task-2,2,VisualCogA_Task-2:074,74,169005,169057,660.17578125,0.203125,-1,168845,169421,"[{""onset"":169572,""offset"":169899,""code"":1.0},{""onset"":169899,""offset"":169900,""code"":2.0}]",False,169899,candidate_target_and_response_marker
VisualCogA_Task-2,2,VisualCogA_Task-2:075,75,171185,171238,668.69140625,0.20703125,-1,171025,171601,"[{""onset"":171753,""offset"":172158,""code"":-1.0},{""onset"":172158,""offset"":172159,""code"":-2.0}]",False,172158,candidate_target_and_response_marker
VisualCogA_Task-2,2,VisualCogA_Task-2:076,76,173442,173494,677.5078125,0.203125,-1,173282,173858,"[{""onset"":174009,""offset"":174333,""code"":1.0},{""onset"":174333,""offset"":174334,""code"":2.0}]",False,174333,candidate_target_and_response_marker
VisualCogA_Task-2,2,VisualCogA_Task-2:077,77,175618,175670,686.0078125,0.203125,1,175458,176034,"[{""onset"":176186,""offset"":176596,""code"":1.0},{""onset"":176596,""offset"":176597,""code"":2.0}]",False,176596,candidate_target_and_response_marker
VisualCogA_Task-2,2,VisualCogA_Task-2:078,78,177883,177935,694.85546875,0.203125,-1,177723,178299,"[{""onset"":178450,""offset"":178761,""code"":1.0},{""onset"":178761,""offset"":178762,""code"":2.0}]",False,178761,candidate_target_and_response_marker
VisualCogA_Task-2,2,VisualCogA_Task-2:079,79,180047,180099,703.30859375,0.203125,1,179887,180463,"[{""onset"":180614,""offset"":181009,""code"":-1.0},{""onset"":181009,""offset"":181010,""code"":-2.0}]",False,181009,candidate_target_and_response_marker
VisualCogA_Task-2,2,VisualCogA_Task-2:080,80,182295,182348,712.08984375,0.20703125,-1,182135,182711,"[{""onset"":182863,""offset"":183207,""code"":1.0},{""onset"":183207,""offset"":183208,""code"":2.0}]",False,183207,candidate_target_and_response_marker
VisualCogA_Task-2,2,VisualCogA_Task-2:081,81,184492,184544,720.671875,0.203125,1,184332,184908,"[{""onset"":185059,""offset"":185433,""code"":-1.0},{""onset"":185433,""offset"":185434,""code"":-2.0}]",False,185433,candidate_target_and_response_marker
VisualCogA_Task-2,2,VisualCogA_Task-2:082,82,186720,186773,729.375,0.20703125,1,186560,187136,"[{""onset"":187288,""offset"":187639,""code"":1.0},{""onset"":187639,""offset"":187640,""code"":2.0}]",False,187639,candidate_target_and_response_marker
VisualCogA_Task-2,2,VisualCogA_Task-2:083,83,188925,188977,737.98828125,0.203125,-1,188765,189341,"[{""onset"":189492,""offset"":189824,""code"":1.0},{""onset"":189824,""offset"":189825,""code"":2.0}]",False,189824,candidate_target_and_response_marker
VisualCogA_Task-2,2,VisualCogA_Task-2:084,84,191109,191161,746.51953125,0.203125,1,190949,191525,"[{""onset"":191677,""offset"":192034,""code"":1.0},{""onset"":192034,""offset"":192035,""code"":2.0}]",False,192034,candidate_target_and_response_marker
VisualCogA_Task-2,2,VisualCogA_Task-2:085,85,193322,193374,755.1640625,0.203125,-1,193162,193738,"[{""onset"":193889,""offset"":194185,""code"":-1.0},{""onset"":194185,""offset"":194186,""code"":-2.0}]",False,194185,candidate_target_and_response_marker
VisualCogA_Task-2,2,VisualCogA_Task-2:086,86,195470,195522,763.5546875,0.203125,-1,195310,195886,"[{""onset"":196038,""offset"":196380,""code"":-1.0},{""onset"":196380,""offset"":196381,""code"":-2.0}]",False,196380,candidate_target_and_response_marker
VisualCogA_Task-2,2,VisualCogA_Task-2:087,87,197671,197723,772.15234375,0.203125,1,197511,198087,"[{""onset"":198238,""offset"":198519,""code"":1.0},{""onset"":198519,""offset"":198520,""code"":2.0}]",False,198519,candidate_target_and_response_marker
VisualCogA_Task-2,2,VisualCogA_Task-2:088,88,199803,199855,780.48046875,0.203125,-1,199643,200219,"[{""onset"":200371,""offset"":200714,""code"":1.0},{""onset"":200714,""offset"":200715,""code"":2.0}]",False,200714,candidate_target_and_response_marker
VisualCogA_Task-2,2,VisualCogA_Task-2:089,89,202000,202052,789.0625,0.203125,-1,201840,202416,"[{""onset"":202567,""offset"":203019,""code"":-1.0},{""onset"":203019,""offset"":203020,""code"":-2.0}]",False,203019,candidate_target_and_response_marker
VisualCogA_Task-2,2,VisualCogA_Task-2:090,90,204304,204356,798.0625,0.203125,-1,204144,204720,"[{""onset"":204871,""offset"":205214,""code"":1.0},{""onset"":205214,""offset"":205215,""code"":2.0}]",False,205214,candidate_target_and_response_marker
VisualCogA_Task-2,2,VisualCogA_Task-2:091,91,206500,206553,806.640625,0.20703125,-1,206340,206916,"[{""onset"":207068,""offset"":207463,""code"":-1.0},{""onset"":207463,""offset"":207464,""code"":-2.0}]",False,207463,candidate_target_and_response_marker
VisualCogA_Task-2,2,VisualCogA_Task-2:092,92,208749,208801,815.42578125,0.203125,1,208589,209165,"[{""onset"":209316,""offset"":209641,""code"":1.0},{""onset"":209641,""offset"":209642,""code"":2.0}]",False,209641,candidate_target_and_response_marker
VisualCogA_Task-2,2,VisualCogA_Task-2:093,93,210925,210977,823.92578125,0.203125,-1,210765,211341,"[{""onset"":211493,""offset"":211864,""code"":1.0},{""onset"":211864,""offset"":211865,""code"":2.0}]",False,211864,candidate_target_and_response_marker
VisualCogA_Task-2,2,VisualCogA_Task-2:094,94,213150,213202,832.6171875,0.203125,-1,212990,213566,"[{""onset"":213717,""offset"":214040,""code"":1.0},{""onset"":214040,""offset"":214041,""code"":2.0}]",False,214040,candidate_target_and_response_marker
VisualCogA_Task-2,2,VisualCogA_Task-2:095,95,215326,215378,841.1171875,0.203125,-1,215166,215742,"[{""onset"":215894,""offset"":216247,""code"":1.0},{""onset"":216247,""offset"":216248,""code"":2.0}]",False,216247,candidate_target_and_response_marker
VisualCogA_Task-2,2,VisualCogA_Task-2:096,96,217535,217587,849.74609375,0.203125,-1,217375,217951,"[{""onset"":218102,""offset"":218429,""code"":-1.0},{""onset"":218429,""offset"":218430,""code"":-2.0}]",False,218429,candidate_target_and_response_marker
VisualCogA_Task-2,2,VisualCogA_Task-2:097,97,219715,219767,858.26171875,0.203125,-1,219555,220131,"[{""onset"":220282,""offset"":220617,""code"":-1.0},{""onset"":220617,""offset"":220618,""code"":-2.0}]",False,220617,candidate_target_and_response_marker
VisualCogA_Task-2,2,VisualCogA_Task-2:098,98,221904,221956,866.8125,0.203125,-1,221744,222320,"[{""onset"":222471,""offset"":222810,""code"":1.0},{""onset"":222810,""offset"":222811,""code"":2.0}]",False,222810,candidate_target_and_response_marker
VisualCogA_Task-2,2,VisualCogA_Task-2:099,99,224096,224148,875.375,0.203125,-1,223936,224512,"[{""onset"":224663,""offset"":225022,""code"":-1.0},{""onset"":225022,""offset"":225023,""code"":-2.0}]",False,225022,candidate_target_and_response_marker
VisualCogB_Task-1,1,VisualCogB_Task-1:000,0,5154,5207,20.1328125,0.20703125,-1,4994,5570,"[{""onset"":5726,""offset"":6204,""code"":-1.0}]",False,,unknown
VisualCogB_Task-1,1,VisualCogB_Task-1:001,1,7486,7539,29.2421875,0.20703125,-1,7326,7902,"[{""onset"":8054,""offset"":8363,""code"":-1.0}]",False,,unknown
VisualCogB_Task-1,1,VisualCogB_Task-1:002,2,9647,9699,37.68359375,0.203125,1,9487,10063,"[{""onset"":10214,""offset"":10493,""code"":1.0}]",False,,unknown
VisualCogB_Task-1,1,VisualCogB_Task-1:003,3,11776,11828,46.0,0.203125,-1,11616,12192,"[{""onset"":12343,""offset"":12604,""code"":-1.0}]",False,,unknown
VisualCogB_Task-1,1,VisualCogB_Task-1:004,4,13888,13940,54.25,0.203125,1,13728,14304,"[{""onset"":14455,""offset"":14763,""code"":1.0}]",False,,unknown
VisualCogB_Task-1,1,VisualCogB_Task-1:005,5,16049,16101,62.69140625,0.203125,1,15889,16465,"[{""onset"":16616,""offset"":16950,""code"":1.0}]",False,,unknown
VisualCogB_Task-1,1,VisualCogB_Task-1:006,6,18233,18285,71.22265625,0.203125,1,18073,18649,"[{""onset"":18800,""offset"":19092,""code"":1.0}]",False,,unknown
VisualCogB_Task-1,1,VisualCogB_Task-1:007,7,20378,20430,79.6015625,0.203125,-1,20218,20794,"[{""onset"":20945,""offset"":21193,""code"":-1.0}]",False,,unknown
VisualCogB_Task-1,1,VisualCogB_Task-1:008,8,22478,22530,87.8046875,0.203125,-1,22318,22894,"[{""onset"":23046,""offset"":23499,""code"":-1.0}]",False,,unknown
VisualCogB_Task-1,1,VisualCogB_Task-1:009,9,24782,24835,96.8046875,0.20703125,-1,24622,25198,"[{""onset"":25350,""offset"":25681,""code"":-1.0}]",False,,unknown
VisualCogB_Task-1,1,VisualCogB_Task-1:010,10,26963,27015,105.32421875,0.203125,1,26803,27379,"[{""onset"":27530,""offset"":27820,""code"":1.0}]",False,,unknown
VisualCogB_Task-1,1,VisualCogB_Task-1:011,11,29103,29156,113.68359375,0.20703125,-1,28943,29519,"[{""onset"":29671,""offset"":29954,""code"":-1.0}]",False,,unknown
VisualCogB_Task-1,1,VisualCogB_Task-1:012,12,31236,31288,122.015625,0.203125,1,31076,31652,"[{""onset"":31804,""offset"":32074,""code"":1.0}]",False,,unknown
VisualCogB_Task-1,1,VisualCogB_Task-1:013,13,33360,33413,130.3125,0.20703125,1,33200,33776,"[{""onset"":33928,""offset"":34269,""code"":1.0}]",False,,unknown
VisualCogB_Task-1,1,VisualCogB_Task-1:014,14,35553,35605,138.87890625,0.203125,-1,35393,35969,"[{""onset"":36120,""offset"":36384,""code"":-1.0}]",False,,unknown
VisualCogB_Task-1,1,VisualCogB_Task-1:015,15,37666,37718,147.1328125,0.203125,1,37506,38082,"[{""onset"":38233,""offset"":38513,""code"":1.0}]",False,,unknown
VisualCogB_Task-1,1,VisualCogB_Task-1:016,16,39798,39850,155.4609375,0.203125,-1,39638,40214,"[{""onset"":40365,""offset"":40614,""code"":-1.0}]",False,,unknown
VisualCogB_Task-1,1,VisualCogB_Task-1:017,17,41899,41951,163.66796875,0.203125,-1,41739,42315,"[{""onset"":42466,""offset"":42769,""code"":-1.0}]",False,,unknown
VisualCogB_Task-1,1,VisualCogB_Task-1:018,18,44055,44107,172.08984375,0.203125,1,43895,44471,"[{""onset"":44623,""offset"":44883,""code"":1.0}]",False,,unknown
VisualCogB_Task-1,1,VisualCogB_Task-1:019,19,46168,46220,180.34375,0.203125,-1,46008,46584,"[{""onset"":46735,""offset"":47021,""code"":-1.0}]",False,,unknown
VisualCogB_Task-1,1,VisualCogB_Task-1:020,20,48304,48356,188.6875,0.203125,1,48144,48720,"[{""onset"":48872,""offset"":49176,""code"":1.0}]",False,,unknown
VisualCogB_Task-1,1,VisualCogB_Task-1:021,21,50461,50513,197.11328125,0.203125,1,50301,50877,"[{""onset"":51028,""offset"":51335,""code"":1.0}]",False,,unknown
VisualCogB_Task-1,1,VisualCogB_Task-1:022,22,52617,52669,205.53515625,0.203125,1,52457,53033,"[{""onset"":53185,""offset"":53477,""code"":1.0}]",False,,unknown
VisualCogB_Task-1,1,VisualCogB_Task-1:023,23,54762,54814,213.9140625,0.203125,1,54602,55178,"[{""onset"":55329,""offset"":55597,""code"":1.0}]",False,,unknown
VisualCogB_Task-1,1,VisualCogB_Task-1:024,24,56882,56935,222.1953125,0.20703125,1,56722,57298,"[{""onset"":57450,""offset"":57691,""code"":1.0}]",False,,unknown
VisualCogB_Task-1,1,VisualCogB_Task-1:025,25,58975,59027,230.37109375,0.203125,1,58815,59391,"[{""onset"":59543,""offset"":59788,""code"":1.0}]",False,,unknown
VisualCogB_Task-1,1,VisualCogB_Task-1:026,26,61072,61124,238.5625,0.203125,1,60912,61488,"[{""onset"":61639,""offset"":61892,""code"":1.0}]",False,,unknown
VisualCogB_Task-1,1,VisualCogB_Task-1:027,27,63176,63228,246.78125,0.203125,1,63016,63592,"[{""onset"":63744,""offset"":64081,""code"":1.0}]",False,,unknown
VisualCogB_Task-1,1,VisualCogB_Task-1:028,28,65365,65417,255.33203125,0.203125,1,65205,65781,"[{""onset"":65932,""offset"":66207,""code"":1.0}]",False,,unknown
VisualCogB_Task-1,1,VisualCogB_Task-1:029,29,67489,67541,263.62890625,0.203125,-1,67329,67905,"[{""onset"":68057,""offset"":68411,""code"":-1.0}]",False,,unknown
VisualCogB_Task-1,1,VisualCogB_Task-1:030,30,69694,69746,272.2421875,0.203125,1,69534,70110,"[{""onset"":70261,""offset"":70537,""code"":1.0}]",False,,unknown
VisualCogB_Task-1,1,VisualCogB_Task-1:031,31,71822,71874,280.5546875,0.203125,-1,71662,72238,"[{""onset"":72389,""offset"":72609,""code"":-1.0}]",False,,unknown
VisualCogB_Task-1,1,VisualCogB_Task-1:032,32,73895,73947,288.65234375,0.203125,-1,73735,74311,"[{""onset"":74462,""offset"":74750,""code"":-1.0}]",False,,unknown
VisualCogB_Task-1,1,VisualCogB_Task-1:033,33,76035,76087,297.01171875,0.203125,1,75875,76451,"[{""onset"":76603,""offset"":76904,""code"":1.0}]",False,,unknown
VisualCogB_Task-1,1,VisualCogB_Task-1:034,34,78188,78240,305.421875,0.203125,-1,78028,78604,"[{""onset"":78755,""offset"":79057,""code"":-1.0}]",False,,unknown
VisualCogB_Task-1,1,VisualCogB_Task-1:035,35,80340,80392,313.828125,0.203125,-1,80180,80756,"[{""onset"":80908,""offset"":81147,""code"":-1.0}]",False,,unknown
VisualCogB_Task-1,1,VisualCogB_Task-1:036,36,82429,82481,321.98828125,0.203125,-1,82269,82845,"[{""onset"":82996,""offset"":83365,""code"":-1.0}]",False,,unknown
VisualCogB_Task-1,1,VisualCogB_Task-1:037,37,84649,84702,330.66015625,0.20703125,-1,84489,85065,"[{""onset"":85217,""offset"":85508,""code"":-1.0}]",False,,unknown
VisualCogB_Task-1,1,VisualCogB_Task-1:038,38,86790,86842,339.0234375,0.203125,1,86630,87206,"[{""onset"":87357,""offset"":87644,""code"":1.0}]",False,,unknown
VisualCogB_Task-1,1,VisualCogB_Task-1:039,39,88926,88979,347.3671875,0.20703125,1,88766,89342,"[{""onset"":89494,""offset"":89809,""code"":1.0}]",False,,unknown
VisualCogB_Task-1,1,VisualCogB_Task-1:040,40,91091,91143,355.82421875,0.203125,-1,90931,91507,"[{""onset"":91658,""offset"":91909,""code"":-1.0}]",False,,unknown
VisualCogB_Task-1,1,VisualCogB_Task-1:041,41,93191,93244,364.02734375,0.20703125,1,93031,93607,"[{""onset"":93759,""offset"":94055,""code"":1.0}]",False,,unknown
VisualCogB_Task-1,1,VisualCogB_Task-1:042,42,95340,95392,372.421875,0.203125,1,95180,95756,"[{""onset"":95908,""offset"":96171,""code"":1.0}]",False,,unknown
VisualCogB_Task-1,1,VisualCogB_Task-1:043,43,97457,97509,380.69140625,0.203125,1,97297,97873,"[{""onset"":98024,""offset"":98419,""code"":1.0}]",False,,unknown
VisualCogB_Task-1,1,VisualCogB_Task-1:044,44,99705,99757,389.47265625,0.203125,1,99545,100121,"[{""onset"":100273,""offset"":100711,""code"":1.0}]",False,,unknown
VisualCogB_Task-1,1,VisualCogB_Task-1:045,45,101998,102050,398.4296875,0.203125,-1,101838,102414,"[{""onset"":102565,""offset"":102913,""code"":-1.0}]",False,,unknown
VisualCogB_Task-1,1,VisualCogB_Task-1:046,46,104198,104250,407.0234375,0.203125,-1,104038,104614,"[{""onset"":104765,""offset"":105010,""code"":-1.0}]",False,,unknown
VisualCogB_Task-1,1,VisualCogB_Task-1:047,47,106294,106347,415.2109375,0.20703125,1,106134,106710,"[{""onset"":106862,""offset"":107112,""code"":1.0}]",False,,unknown
VisualCogB_Task-1,1,VisualCogB_Task-1:048,48,108395,108447,423.41796875,0.203125,1,108235,108811,"[{""onset"":108962,""offset"":109285,""code"":-1.0}]",False,,unknown
VisualCogB_Task-1,1,VisualCogB_Task-1:049,49,110568,110620,431.90625,0.203125,-1,110408,110984,"[{""onset"":111135,""offset"":111374,""code"":-1.0}]",False,,unknown
VisualCogB_Task-1,1,VisualCogB_Task-1:050,50,112656,112708,440.0625,0.203125,1,112496,113072,"[{""onset"":113224,""offset"":113475,""code"":1.0}]",False,,unknown
VisualCogB_Task-1,1,VisualCogB_Task-1:051,51,114757,114809,448.26953125,0.203125,-1,114597,115173,"[{""onset"":115324,""offset"":115614,""code"":-1.0}]",False,,unknown
VisualCogB_Task-1,1,VisualCogB_Task-1:052,52,116897,116949,456.62890625,0.203125,1,116737,117313,"[{""onset"":117465,""offset"":117692,""code"":1.0}]",False,,unknown
VisualCogB_Task-1,1,VisualCogB_Task-1:053,53,118978,119030,464.7578125,0.203125,-1,118818,119394,"[{""onset"":119545,""offset"":119783,""code"":-1.0}]",False,,unknown
VisualCogB_Task-1,1,VisualCogB_Task-1:054,54,121067,121119,472.91796875,0.203125,1,120907,121483,"[{""onset"":121634,""offset"":121926,""code"":1.0}]",False,,unknown
VisualCogB_Task-1,1,VisualCogB_Task-1:055,55,123211,123263,481.29296875,0.203125,-1,123051,123627,"[{""onset"":123778,""offset"":124018,""code"":-1.0}]",False,,unknown
VisualCogB_Task-1,1,VisualCogB_Task-1:056,56,125304,125356,489.46875,0.203125,1,125144,125720,"[{""onset"":125871,""offset"":126127,""code"":1.0}]",False,,unknown
VisualCogB_Task-1,1,VisualCogB_Task-1:057,57,127412,127464,497.703125,0.203125,1,127252,127828,"[{""onset"":127980,""offset"":128239,""code"":1.0}]",False,,unknown
VisualCogB_Task-1,1,VisualCogB_Task-1:058,58,129525,129577,505.95703125,0.203125,1,129365,129941,"[{""onset"":130092,""offset"":130392,""code"":1.0}]",False,,unknown
VisualCogB_Task-1,1,VisualCogB_Task-1:059,59,131677,131729,514.36328125,0.203125,1,131517,132093,"[{""onset"":132245,""offset"":132527,""code"":1.0}]",False,,unknown
VisualCogB_Task-1,1,VisualCogB_Task-1:060,60,133810,133862,522.6953125,0.203125,-1,133650,134226,"[{""onset"":134377,""offset"":134750,""code"":-1.0}]",False,,unknown
VisualCogB_Task-1,1,VisualCogB_Task-1:061,61,136034,136087,531.3828125,0.20703125,-1,135874,136450,"[{""onset"":136602,""offset"":136911,""code"":-1.0}]",False,,unknown
VisualCogB_Task-1,1,VisualCogB_Task-1:062,62,138195,138247,539.82421875,0.203125,1,138035,138611,"[{""onset"":138762,""offset"":139052,""code"":1.0}]",False,,unknown
VisualCogB_Task-1,1,VisualCogB_Task-1:063,63,140335,140388,548.18359375,0.20703125,-1,140175,140751,"[{""onset"":140903,""offset"":141164,""code"":-1.0}]",False,,unknown
VisualCogB_Task-1,1,VisualCogB_Task-1:064,64,142448,142500,556.4375,0.203125,-1,142288,142864,"[{""onset"":143015,""offset"":143320,""code"":-1.0}]",False,,unknown
VisualCogB_Task-1,1,VisualCogB_Task-1:065,65,144604,144657,564.859375,0.20703125,-1,144444,145020,"[{""onset"":145172,""offset"":145398,""code"":-1.0}]",False,,unknown
VisualCogB_Task-1,1,VisualCogB_Task-1:066,66,146681,146733,572.97265625,0.203125,1,146521,147097,"[{""onset"":147248,""offset"":147492,""code"":1.0}]",False,,unknown
VisualCogB_Task-1,1,VisualCogB_Task-1:067,67,148774,148826,581.1484375,0.203125,1,148614,149190,"[{""onset"":149341,""offset"":149672,""code"":1.0}]",False,,unknown
VisualCogB_Task-1,1,VisualCogB_Task-1:068,68,150958,151010,589.6796875,0.203125,-1,150798,151374,"[{""onset"":151525,""offset"":151795,""code"":-1.0}]",False,,unknown
VisualCogB_Task-1,1,VisualCogB_Task-1:069,69,153079,153131,597.96484375,0.203125,-1,152919,153495,"[{""onset"":153646,""offset"":153917,""code"":-1.0}]",False,,unknown
VisualCogB_Task-1,1,VisualCogB_Task-1:070,70,155199,155251,606.24609375,0.203125,1,155039,155615,"[{""onset"":155767,""offset"":156007,""code"":1.0}]",False,,unknown
VisualCogB_Task-1,1,VisualCogB_Task-1:071,71,157292,157344,614.421875,0.203125,1,157132,157708,"[{""onset"":157859,""offset"":158110,""code"":1.0}]",False,,unknown
VisualCogB_Task-1,1,VisualCogB_Task-1:072,72,159392,159445,622.625,0.20703125,-1,159232,159808,"[{""onset"":159960,""offset"":160229,""code"":-1.0}]",False,,unknown
VisualCogB_Task-1,1,VisualCogB_Task-1:073,73,161513,161565,630.91015625,0.203125,-1,161353,161929,"[{""onset"":162080,""offset"":162392,""code"":-1.0}]",False,,unknown
VisualCogB_Task-1,1,VisualCogB_Task-1:074,74,163678,163730,639.3671875,0.203125,1,163518,164094,"[{""onset"":164245,""offset"":164528,""code"":1.0}]",False,,unknown
VisualCogB_Task-1,1,VisualCogB_Task-1:075,75,165814,165866,647.7109375,0.203125,-1,165654,166230,"[{""onset"":166381,""offset"":166697,""code"":-1.0}]",False,,unknown
VisualCogB_Task-1,1,VisualCogB_Task-1:076,76,167982,168035,656.1796875,0.20703125,-1,167822,168398,"[{""onset"":168550,""offset"":168854,""code"":-1.0}]",False,,unknown
VisualCogB_Task-1,1,VisualCogB_Task-1:077,77,170139,170191,664.60546875,0.203125,-1,169979,170555,"[{""onset"":170706,""offset"":170998,""code"":-1.0}]",False,,unknown
VisualCogB_Task-1,1,VisualCogB_Task-1:078,78,172279,172332,672.96484375,0.20703125,1,172119,172695,"[{""onset"":172847,""offset"":173132,""code"":1.0}]",False,,unknown
VisualCogB_Task-1,1,VisualCogB_Task-1:079,79,174416,174468,681.3125,0.203125,-1,174256,174832,"[{""onset"":174983,""offset"":175248,""code"":-1.0}]",False,,unknown
VisualCogB_Task-1,1,VisualCogB_Task-1:080,80,176533,176585,689.58203125,0.203125,-1,176373,176949,"[{""onset"":177100,""offset"":177419,""code"":-1.0}]",False,,unknown
VisualCogB_Task-1,1,VisualCogB_Task-1:081,81,178705,178757,698.06640625,0.203125,1,178545,179121,"[{""onset"":179273,""offset"":179563,""code"":1.0}]",False,,unknown
VisualCogB_Task-1,1,VisualCogB_Task-1:082,82,180846,180898,706.4296875,0.203125,-1,180686,181262,"[{""onset"":181413,""offset"":181736,""code"":-1.0}]",False,,unknown
VisualCogB_Task-1,1,VisualCogB_Task-1:083,83,183022,183074,714.9296875,0.203125,-1,182862,183438,"[{""onset"":183590,""offset"":183839,""code"":-1.0}]",False,,unknown
VisualCogB_Task-1,1,VisualCogB_Task-1:084,84,185123,185175,723.13671875,0.203125,1,184963,185539,"[{""onset"":185690,""offset"":185983,""code"":1.0}]",False,,unknown
VisualCogB_Task-1,1,VisualCogB_Task-1:085,85,187267,187319,731.51171875,0.203125,-1,187107,187683,"[{""onset"":187835,""offset"":188082,""code"":-1.0}]",False,,unknown
VisualCogB_Task-1,1,VisualCogB_Task-1:086,86,189368,189420,739.71875,0.203125,-1,189208,189784,"[{""onset"":189935,""offset"":190332,""code"":1.0}]",False,,unknown
VisualCogB_Task-1,1,VisualCogB_Task-1:087,87,191616,191668,748.5,0.203125,1,191456,192032,"[{""onset"":192183,""offset"":192494,""code"":1.0}]",False,,unknown
VisualCogB_Task-1,1,VisualCogB_Task-1:088,88,193777,193829,756.94140625,0.203125,-1,193617,194193,"[{""onset"":194344,""offset"":194589,""code"":-1.0}]",False,,unknown
VisualCogB_Task-1,1,VisualCogB_Task-1:089,89,195873,195925,765.12890625,0.203125,-1,195713,196289,"[{""onset"":196441,""offset"":196732,""code"":-1.0}]",False,,unknown
VisualCogB_Task-1,1,VisualCogB_Task-1:090,90,198018,198070,773.5078125,0.203125,1,197858,198434,"[{""onset"":198585,""offset"":198850,""code"":1.0}]",False,,unknown
VisualCogB_Task-1,1,VisualCogB_Task-1:091,91,200134,200187,781.7734375,0.20703125,1,199974,200550,"[{""onset"":200702,""offset"":200973,""code"":1.0}]",False,,unknown
VisualCogB_Task-1,1,VisualCogB_Task-1:092,92,202259,202311,790.07421875,0.203125,-1,202099,202675,"[{""onset"":202826,""offset"":203086,""code"":-1.0}]",False,,unknown
VisualCogB_Task-1,1,VisualCogB_Task-1:093,93,204367,204420,798.30859375,0.20703125,1,204207,204783,"[{""onset"":204935,""offset"":205214,""code"":1.0}]",False,,unknown
VisualCogB_Task-1,1,VisualCogB_Task-1:094,94,206496,206548,806.625,0.203125,-1,206336,206912,"[{""onset"":207063,""offset"":207274,""code"":-1.0}]",False,,unknown
VisualCogB_Task-1,1,VisualCogB_Task-1:095,95,208557,208609,814.67578125,0.203125,1,208397,208973,"[{""onset"":209124,""offset"":209369,""code"":1.0}]",False,,unknown
VisualCogB_Task-1,1,VisualCogB_Task-1:096,96,210653,210705,822.86328125,0.203125,-1,210493,211069,"[{""onset"":211221,""offset"":211520,""code"":-1.0}]",False,,unknown
VisualCogB_Task-1,1,VisualCogB_Task-1:097,97,212806,212858,831.2734375,0.203125,1,212646,213222,"[{""onset"":213373,""offset"":213679,""code"":1.0}]",False,,unknown
VisualCogB_Task-1,1,VisualCogB_Task-1:098,98,214962,215014,839.6953125,0.203125,1,214802,215378,"[{""onset"":215530,""offset"":215781,""code"":1.0}]",False,,unknown
VisualCogB_Task-1,1,VisualCogB_Task-1:099,99,217063,217115,847.90234375,0.203125,1,216903,217479,"[{""onset"":217630,""offset"":217866,""code"":1.0}]",False,,unknown
VisualCogB_Task-2,2,VisualCogB_Task-2:000,0,5134,5187,20.0546875,0.20703125,-1,4974,5550,"[{""onset"":5702,""offset"":6062,""code"":1.0},{""onset"":6062,""offset"":6063,""code"":2.0}]",False,6062,candidate_target_and_response_marker
VisualCogB_Task-2,2,VisualCogB_Task-2:001,1,7347,7399,28.69921875,0.203125,-1,7187,7763,"[{""onset"":7914,""offset"":8324,""code"":-1.0},{""onset"":8324,""offset"":8325,""code"":-2.0}]",False,8324,candidate_target_and_response_marker
VisualCogB_Task-2,2,VisualCogB_Task-2:002,2,9611,9663,37.54296875,0.203125,-1,9451,10027,"[{""onset"":10179,""offset"":10588,""code"":-1.0},{""onset"":10588,""offset"":10589,""code"":-2.0}]",False,10588,candidate_target_and_response_marker
VisualCogB_Task-2,2,VisualCogB_Task-2:003,3,11871,11924,46.37109375,0.20703125,1,11711,12287,"[{""onset"":12439,""offset"":12712,""code"":1.0},{""onset"":12712,""offset"":12713,""code"":2.0}]",False,12712,candidate_target_and_response_marker
VisualCogB_Task-2,2,VisualCogB_Task-2:004,4,13996,14048,54.671875,0.203125,-1,13836,14412,"[{""onset"":14564,""offset"":14874,""code"":-1.0},{""onset"":14874,""offset"":14875,""code"":-2.0}]",False,14874,candidate_target_and_response_marker
VisualCogB_Task-2,2,VisualCogB_Task-2:005,5,16161,16213,63.12890625,0.203125,1,16001,16577,"[{""onset"":16728,""offset"":17037,""code"":-1.0},{""onset"":17037,""offset"":17038,""code"":-2.0}]",False,17037,candidate_target_and_response_marker
VisualCogB_Task-2,2,VisualCogB_Task-2:006,6,18321,18373,71.56640625,0.203125,1,18161,18737,"[{""onset"":18889,""offset"":19211,""code"":1.0},{""onset"":19211,""offset"":19212,""code"":2.0}]",False,19211,candidate_target_and_response_marker
VisualCogB_Task-2,2,VisualCogB_Task-2:007,7,20498,20550,80.0703125,0.203125,1,20338,20914,"[{""onset"":21065,""offset"":21347,""code"":1.0},{""onset"":21347,""offset"":21348,""code"":2.0}]",False,21347,candidate_target_and_response_marker
VisualCogB_Task-2,2,VisualCogB_Task-2:008,8,22630,22682,88.3984375,0.203125,1,22470,23046,"[{""onset"":23197,""offset"":23474,""code"":1.0},{""onset"":23474,""offset"":23475,""code"":2.0}]",False,23474,candidate_target_and_response_marker
VisualCogB_Task-2,2,VisualCogB_Task-2:009,9,24759,24811,96.71484375,0.203125,-1,24599,25175,"[{""onset"":25326,""offset"":25641,""code"":1.0},{""onset"":25641,""offset"":25642,""code"":2.0}]",False,25641,candidate_target_and_response_marker
VisualCogB_Task-2,2,VisualCogB_Task-2:010,10,26927,26979,105.18359375,0.203125,1,26767,27343,"[{""onset"":27494,""offset"":27849,""code"":1.0},{""onset"":27849,""offset"":27850,""code"":2.0}]",False,27849,candidate_target_and_response_marker
VisualCogB_Task-2,2,VisualCogB_Task-2:011,11,29131,29184,113.79296875,0.20703125,1,28971,29547,"[{""onset"":29699,""offset"":30089,""code"":-1.0},{""onset"":30089,""offset"":30090,""code"":-2.0}]",False,30089,candidate_target_and_response_marker
VisualCogB_Task-2,2,VisualCogB_Task-2:012,12,31372,31424,122.546875,0.203125,1,31212,31788,"[{""onset"":31939,""offset"":32293,""code"":1.0},{""onset"":32293,""offset"":32294,""code"":2.0}]",False,32293,candidate_target_and_response_marker
VisualCogB_Task-2,2,VisualCogB_Task-2:013,13,33576,33629,131.15625,0.20703125,1,33416,33992,"[{""onset"":34144,""offset"":34523,""code"":-1.0},{""onset"":34523,""offset"":34524,""code"":-2.0}]",False,34523,candidate_target_and_response_marker
VisualCogB_Task-2,2,VisualCogB_Task-2:014,14,35809,35861,139.87890625,0.203125,1,35649,36225,"[{""onset"":36376,""offset"":36748,""code"":-1.0},{""onset"":36748,""offset"":36749,""code"":-2.0}]",False,36748,candidate_target_and_response_marker
VisualCogB_Task-2,2,VisualCogB_Task-2:015,15,38033,38085,148.56640625,0.203125,1,37873,38449,"[{""onset"":38601,""offset"":38910,""code"":1.0},{""onset"":38910,""offset"":38911,""code"":2.0}]",False,38910,candidate_target_and_response_marker
VisualCogB_Task-2,2,VisualCogB_Task-2:016,16,40198,40250,157.0234375,0.203125,-1,40038,40614,"[{""onset"":40765,""offset"":41094,""code"":-1.0},{""onset"":41094,""offset"":41095,""code"":-2.0}]",False,41094,candidate_target_and_response_marker
VisualCogB_Task-2,2,VisualCogB_Task-2:017,17,42378,42430,165.5390625,0.203125,1,42218,42794,"[{""onset"":42946,""offset"":43318,""code"":-1.0},{""onset"":43318,""offset"":43319,""code"":-2.0}]",False,43318,candidate_target_and_response_marker
VisualCogB_Task-2,2,VisualCogB_Task-2:018,18,44603,44655,174.23046875,0.203125,1,44443,45019,"[{""onset"":45170,""offset"":45526,""code"":1.0},{""onset"":45526,""offset"":45527,""code"":2.0}]",False,45526,candidate_target_and_response_marker
VisualCogB_Task-2,2,VisualCogB_Task-2:019,19,46811,46863,182.85546875,0.203125,-1,46651,47227,"[{""onset"":47378,""offset"":47716,""code"":1.0},{""onset"":47716,""offset"":47717,""code"":2.0}]",False,47716,candidate_target_and_response_marker
VisualCogB_Task-2,2,VisualCogB_Task-2:020,20,49003,49056,191.41796875,0.20703125,1,48843,49419,"[{""onset"":49571,""offset"":49854,""code"":1.0},{""onset"":49854,""offset"":49855,""code"":2.0}]",False,49854,candidate_target_and_response_marker
VisualCogB_Task-2,2,VisualCogB_Task-2:021,21,51140,51192,199.765625,0.203125,1,50980,51556,"[{""onset"":51707,""offset"":52054,""code"":-1.0},{""onset"":52054,""offset"":52055,""code"":-2.0}]",False,52054,candidate_target_and_response_marker
VisualCogB_Task-2,2,VisualCogB_Task-2:022,22,53340,53393,208.359375,0.20703125,-1,53180,53756,"[{""onset"":53908,""offset"":54210,""code"":-1.0},{""onset"":54210,""offset"":54211,""code"":-2.0}]",False,54210,candidate_target_and_response_marker
VisualCogB_Task-2,2,VisualCogB_Task-2:023,23,55493,55545,216.76953125,0.203125,-1,55333,55909,"[{""onset"":56060,""offset"":56409,""code"":1.0},{""onset"":56409,""offset"":56410,""code"":2.0}]",False,56409,candidate_target_and_response_marker
VisualCogB_Task-2,2,VisualCogB_Task-2:024,24,57693,57745,225.36328125,0.203125,-1,57533,58109,"[{""onset"":58261,""offset"":58595,""code"":-1.0},{""onset"":58595,""offset"":58596,""code"":-2.0}]",False,58595,candidate_target_and_response_marker
VisualCogB_Task-2,2,VisualCogB_Task-2:025,25,59878,59930,233.8984375,0.203125,1,59718,60294,"[{""onset"":60445,""offset"":60785,""code"":1.0},{""onset"":60785,""offset"":60786,""code"":2.0}]",False,60785,candidate_target_and_response_marker
VisualCogB_Task-2,2,VisualCogB_Task-2:026,26,62070,62122,242.4609375,0.203125,-1,61910,62486,"[{""onset"":62638,""offset"":63010,""code"":1.0},{""onset"":63010,""offset"":63011,""code"":2.0}]",False,63010,candidate_target_and_response_marker
VisualCogB_Task-2,2,VisualCogB_Task-2:027,27,64295,64347,251.15234375,0.203125,-1,64135,64711,"[{""onset"":64862,""offset"":65160,""code"":1.0},{""onset"":65160,""offset"":65161,""code"":2.0}]",False,65160,candidate_target_and_response_marker
VisualCogB_Task-2,2,VisualCogB_Task-2:028,28,66447,66499,259.55859375,0.203125,-1,66287,66863,"[{""onset"":67015,""offset"":67343,""code"":-1.0},{""onset"":67343,""offset"":67344,""code"":-2.0}]",False,67343,candidate_target_and_response_marker
VisualCogB_Task-2,2,VisualCogB_Task-2:029,29,68632,68684,268.09375,0.203125,1,68472,69048,"[{""onset"":69199,""offset"":69559,""code"":-1.0},{""onset"":69559,""offset"":69560,""code"":-2.0}]",False,69559,candidate_target_and_response_marker
VisualCogB_Task-2,2,VisualCogB_Task-2:030,30,70844,70896,276.734375,0.203125,1,70684,71260,"[{""onset"":71412,""offset"":71758,""code"":1.0},{""onset"":71758,""offset"":71759,""code"":2.0}]",False,71758,candidate_target_and_response_marker
VisualCogB_Task-2,2,VisualCogB_Task-2:031,31,73045,73097,285.33203125,0.203125,1,72885,73461,"[{""onset"":73612,""offset"":73902,""code"":1.0},{""onset"":73902,""offset"":73903,""code"":2.0}]",False,73902,candidate_target_and_response_marker
VisualCogB_Task-2,2,VisualCogB_Task-2:032,32,75189,75241,293.70703125,0.203125,1,75029,75605,"[{""onset"":75757,""offset"":76087,""code"":-1.0},{""onset"":76087,""offset"":76088,""code"":-2.0}]",False,76087,candidate_target_and_response_marker
VisualCogB_Task-2,2,VisualCogB_Task-2:033,33,77369,77422,302.22265625,0.20703125,1,77209,77785,"[{""onset"":77937,""offset"":78280,""code"":-1.0},{""onset"":78280,""offset"":78281,""code"":-2.0}]",False,78280,candidate_target_and_response_marker
VisualCogB_Task-2,2,VisualCogB_Task-2:034,34,79566,79618,310.8046875,0.203125,-1,79406,79982,"[{""onset"":80134,""offset"":80496,""code"":1.0},{""onset"":80496,""offset"":80497,""code"":2.0}]",False,80496,candidate_target_and_response_marker
VisualCogB_Task-2,2,VisualCogB_Task-2:035,35,81783,81835,319.46484375,0.203125,1,81623,82199,"[{""onset"":82350,""offset"":82675,""code"":1.0},{""onset"":82675,""offset"":82676,""code"":2.0}]",False,82675,candidate_target_and_response_marker
VisualCogB_Task-2,2,VisualCogB_Task-2:036,36,83959,84011,327.96484375,0.203125,-1,83799,84375,"[{""onset"":84527,""offset"":84881,""code"":-1.0},{""onset"":84881,""offset"":84882,""code"":-2.0}]",False,84881,candidate_target_and_response_marker
VisualCogB_Task-2,2,VisualCogB_Task-2:037,37,86167,86220,336.58984375,0.20703125,-1,86007,86583,"[{""onset"":86735,""offset"":87125,""code"":1.0},{""onset"":87125,""offset"":87126,""code"":2.0}]",False,87125,candidate_target_and_response_marker
VisualCogB_Task-2,2,VisualCogB_Task-2:038,38,88412,88464,345.359375,0.203125,1,88252,88828,"[{""onset"":88979,""offset"":89356,""code"":-1.0},{""onset"":89356,""offset"":89357,""code"":-2.0}]",False,89356,candidate_target_and_response_marker
VisualCogB_Task-2,2,VisualCogB_Task-2:039,39,90640,90692,354.0625,0.203125,1,90480,91056,"[{""onset"":91208,""offset"":91529,""code"":-1.0},{""onset"":91529,""offset"":91530,""code"":-2.0}]",False,91529,candidate_target_and_response_marker
VisualCogB_Task-2,2,VisualCogB_Task-2:040,40,92817,92869,362.56640625,0.203125,1,92657,93233,"[{""onset"":93384,""offset"":93692,""code"":1.0},{""onset"":93692,""offset"":93693,""code"":2.0}]",False,93692,candidate_target_and_response_marker
VisualCogB_Task-2,2,VisualCogB_Task-2:041,41,94977,95029,371.00390625,0.203125,-1,94817,95393,"[{""onset"":95545,""offset"":95858,""code"":-1.0},{""onset"":95858,""offset"":95859,""code"":-2.0}]",False,95858,candidate_target_and_response_marker
VisualCogB_Task-2,2,VisualCogB_Task-2:042,42,97142,97194,379.4609375,0.203125,-1,96982,97558,"[{""onset"":97709,""offset"":97976,""code"":-1.0},{""onset"":97976,""offset"":97977,""code"":-2.0}]",False,97976,candidate_target_and_response_marker
VisualCogB_Task-2,2,VisualCogB_Task-2:043,43,99262,99314,387.7421875,0.203125,1,99102,99678,"[{""onset"":99830,""offset"":100213,""code"":-1.0},{""onset"":100213,""offset"":100214,""code"":-2.0}]",False,100213,candidate_target_and_response_marker
VisualCogB_Task-2,2,VisualCogB_Task-2:044,44,101498,101551,396.4765625,0.20703125,-1,101338,101914,"[{""onset"":102066,""offset"":102392,""code"":1.0},{""onset"":102392,""offset"":102393,""code"":2.0}]",False,102392,candidate_target_and_response_marker
VisualCogB_Task-2,2,VisualCogB_Task-2:045,45,103675,103727,404.98046875,0.203125,-1,103515,104091,"[{""onset"":104242,""offset"":104547,""code"":1.0},{""onset"":104547,""offset"":104548,""code"":2.0}]",False,104547,candidate_target_and_response_marker
VisualCogB_Task-2,2,VisualCogB_Task-2:046,46,105831,105884,413.40234375,0.20703125,1,105671,106247,"[{""onset"":106399,""offset"":106752,""code"":-1.0},{""onset"":106752,""offset"":106753,""code"":-2.0}]",False,106752,candidate_target_and_response_marker
VisualCogB_Task-2,2,VisualCogB_Task-2:047,47,108040,108092,422.03125,0.203125,-1,107880,108456,"[{""onset"":108607,""offset"":109005,""code"":-1.0},{""onset"":109005,""offset"":109006,""code"":-2.0}]",False,109005,candidate_target_and_response_marker
VisualCogB_Task-2,2,VisualCogB_Task-2:048,48,110293,110345,430.83203125,0.203125,1,110133,110709,"[{""onset"":110860,""offset"":111198,""code"":1.0},{""onset"":111198,""offset"":111199,""code"":2.0}]",False,111198,candidate_target_and_response_marker
VisualCogB_Task-2,2,VisualCogB_Task-2:049,49,112485,112537,439.39453125,0.203125,-1,112325,112901,"[{""onset"":113053,""offset"":113404,""code"":-1.0},{""onset"":113404,""offset"":113405,""code"":-2.0}]",False,113404,candidate_target_and_response_marker
VisualCogB_Task-2,2,VisualCogB_Task-2:050,50,114689,114742,448.00390625,0.20703125,-1,114529,115105,"[{""onset"":115257,""offset"":115612,""code"":1.0},{""onset"":115612,""offset"":115613,""code"":2.0}]",False,115612,candidate_target_and_response_marker
VisualCogB_Task-2,2,VisualCogB_Task-2:051,51,116898,116950,456.6328125,0.203125,-1,116738,117314,"[{""onset"":117465,""offset"":117813,""code"":-1.0},{""onset"":117813,""offset"":117814,""code"":-2.0}]",False,117813,candidate_target_and_response_marker
VisualCogB_Task-2,2,VisualCogB_Task-2:052,52,119098,119151,465.2265625,0.20703125,1,118938,119514,"[{""onset"":119666,""offset"":119961,""code"":1.0},{""onset"":119961,""offset"":119962,""code"":2.0}]",False,119961,candidate_target_and_response_marker
VisualCogB_Task-2,2,VisualCogB_Task-2:053,53,121247,121299,473.62109375,0.203125,1,121087,121663,"[{""onset"":121814,""offset"":122191,""code"":-1.0},{""onset"":122191,""offset"":122192,""code"":-2.0}]",False,122191,candidate_target_and_response_marker
VisualCogB_Task-2,2,VisualCogB_Task-2:054,54,123479,123531,482.33984375,0.203125,1,123319,123895,"[{""onset"":124047,""offset"":124326,""code"":1.0},{""onset"":124326,""offset"":124327,""code"":2.0}]",False,124326,candidate_target_and_response_marker
VisualCogB_Task-2,2,VisualCogB_Task-2:055,55,125612,125664,490.671875,0.203125,-1,125452,126028,"[{""onset"":126179,""offset"":126483,""code"":1.0},{""onset"":126483,""offset"":126484,""code"":2.0}]",False,126483,candidate_target_and_response_marker
VisualCogB_Task-2,2,VisualCogB_Task-2:056,56,127768,127821,499.09375,0.20703125,-1,127608,128184,"[{""onset"":128336,""offset"":128654,""code"":1.0},{""onset"":128654,""offset"":128655,""code"":2.0}]",False,128654,candidate_target_and_response_marker
VisualCogB_Task-2,2,VisualCogB_Task-2:057,57,129941,129993,507.58203125,0.203125,-1,129781,130357,"[{""onset"":130508,""offset"":130845,""code"":1.0},{""onset"":130845,""offset"":130846,""code"":2.0}]",False,130845,candidate_target_and_response_marker
VisualCogB_Task-2,2,VisualCogB_Task-2:058,58,132129,132181,516.12890625,0.203125,-1,131969,132545,"[{""onset"":132697,""offset"":133031,""code"":1.0},{""onset"":133031,""offset"":133032,""code"":2.0}]",False,133031,candidate_target_and_response_marker
VisualCogB_Task-2,2,VisualCogB_Task-2:059,59,134318,134370,524.6796875,0.203125,-1,134158,134734,"[{""onset"":134886,""offset"":135204,""code"":1.0},{""onset"":135204,""offset"":135205,""code"":2.0}]",False,135204,candidate_target_and_response_marker
VisualCogB_Task-2,2,VisualCogB_Task-2:060,60,136490,136542,533.1640625,0.203125,-1,136330,136906,"[{""onset"":137058,""offset"":137353,""code"":1.0},{""onset"":137353,""offset"":137354,""code"":2.0}]",False,137353,candidate_target_and_response_marker
VisualCogB_Task-2,2,VisualCogB_Task-2:061,61,138639,138691,541.55859375,0.203125,1,138479,139055,"[{""onset"":139206,""offset"":139591,""code"":-1.0},{""onset"":139591,""offset"":139592,""code"":-2.0}]",False,139591,candidate_target_and_response_marker
VisualCogB_Task-2,2,VisualCogB_Task-2:062,62,140879,140931,550.30859375,0.203125,-1,140719,141295,"[{""onset"":141446,""offset"":141841,""code"":-1.0},{""onset"":141841,""offset"":141842,""code"":-2.0}]",False,141841,candidate_target_and_response_marker
VisualCogB_Task-2,2,VisualCogB_Task-2:063,63,143127,143180,559.08984375,0.20703125,-1,142967,143543,"[{""onset"":143695,""offset"":144008,""code"":-1.0},{""onset"":144008,""offset"":144009,""code"":-2.0}]",False,144008,candidate_target_and_response_marker
VisualCogB_Task-2,2,VisualCogB_Task-2:064,64,145292,145344,567.546875,0.203125,1,145132,145708,"[{""onset"":145859,""offset"":146166,""code"":-1.0},{""onset"":146166,""offset"":146167,""code"":-2.0}]",False,146166,candidate_target_and_response_marker
VisualCogB_Task-2,2,VisualCogB_Task-2:065,65,147452,147505,575.984375,0.20703125,1,147292,147868,"[{""onset"":148020,""offset"":148368,""code"":1.0},{""onset"":148368,""offset"":148369,""code"":2.0}]",False,148368,candidate_target_and_response_marker
VisualCogB_Task-2,2,VisualCogB_Task-2:066,66,149653,149705,584.58203125,0.203125,1,149493,150069,"[{""onset"":150220,""offset"":150541,""code"":-1.0},{""onset"":150541,""offset"":150542,""code"":-2.0}]",False,150541,candidate_target_and_response_marker
VisualCogB_Task-2,2,VisualCogB_Task-2:067,67,151825,151878,593.06640625,0.20703125,1,151665,152241,"[{""onset"":152393,""offset"":152750,""code"":-1.0},{""onset"":152750,""offset"":152751,""code"":-2.0}]",False,152750,candidate_target_and_response_marker
VisualCogB_Task-2,2,VisualCogB_Task-2:068,68,154038,154090,601.7109375,0.203125,-1,153878,154454,"[{""onset"":154605,""offset"":154949,""code"":1.0},{""onset"":154949,""offset"":154950,""code"":2.0}]",False,154949,candidate_target_and_response_marker
VisualCogB_Task-2,2,VisualCogB_Task-2:069,69,156234,156286,610.2890625,0.203125,-1,156074,156650,"[{""onset"":156802,""offset"":157097,""code"":1.0},{""onset"":157097,""offset"":157098,""code"":2.0}]",False,157097,candidate_target_and_response_marker
VisualCogB_Task-2,2,VisualCogB_Task-2:070,70,158383,158435,618.68359375,0.203125,1,158223,158799,"[{""onset"":158951,""offset"":159328,""code"":1.0},{""onset"":159328,""offset"":159329,""code"":2.0}]",False,159328,candidate_target_and_response_marker
VisualCogB_Task-2,2,VisualCogB_Task-2:071,71,160615,160668,627.40234375,0.20703125,1,160455,161031,"[{""onset"":161183,""offset"":161488,""code"":1.0},{""onset"":161488,""offset"":161489,""code"":2.0}]",False,161488,candidate_target_and_response_marker
VisualCogB_Task-2,2,VisualCogB_Task-2:072,72,162772,162824,635.828125,0.203125,1,162612,163188,"[{""onset"":163339,""offset"":163678,""code"":1.0},{""onset"":163678,""offset"":163679,""code"":2.0}]",False,163678,candidate_target_and_response_marker
VisualCogB_Task-2,2,VisualCogB_Task-2:073,73,164964,165017,644.390625,0.20703125,-1,164804,165380,"[{""onset"":165532,""offset"":165874,""code"":1.0},{""onset"":165874,""offset"":165875,""code"":2.0}]",False,165874,candidate_target_and_response_marker
VisualCogB_Task-2,2,VisualCogB_Task-2:074,74,167161,167214,652.97265625,0.20703125,-1,167001,167577,"[{""onset"":167729,""offset"":168113,""code"":1.0},{""onset"":168113,""offset"":168114,""code"":2.0}]",False,168113,candidate_target_and_response_marker
VisualCogB_Task-2,2,VisualCogB_Task-2:075,75,169398,169450,661.7109375,0.203125,1,169238,169814,"[{""onset"":169965,""offset"":170382,""code"":-1.0},{""onset"":170382,""offset"":170383,""code"":-2.0}]",False,170382,candidate_target_and_response_marker
VisualCogB_Task-2,2,VisualCogB_Task-2:076,76,171666,171719,670.5703125,0.20703125,1,171506,172082,"[{""onset"":172234,""offset"":172515,""code"":-1.0},{""onset"":172515,""offset"":172516,""code"":-2.0}]",False,172515,candidate_target_and_response_marker
VisualCogB_Task-2,2,VisualCogB_Task-2:077,77,173803,173855,678.91796875,0.203125,-1,173643,174219,"[{""onset"":174370,""offset"":174729,""code"":-1.0},{""onset"":174729,""offset"":174730,""code"":-2.0}]",False,174729,candidate_target_and_response_marker
VisualCogB_Task-2,2,VisualCogB_Task-2:078,78,176015,176068,687.55859375,0.20703125,-1,175855,176431,"[{""onset"":176583,""offset"":177051,""code"":1.0},{""onset"":177051,""offset"":177052,""code"":2.0}]",False,177051,candidate_target_and_response_marker
VisualCogB_Task-2,2,VisualCogB_Task-2:079,79,178336,178388,696.625,0.203125,-1,178176,178752,"[{""onset"":178903,""offset"":179259,""code"":1.0},{""onset"":179259,""offset"":179260,""code"":2.0}]",False,179259,candidate_target_and_response_marker
VisualCogB_Task-2,2,VisualCogB_Task-2:080,80,180544,180596,705.25,0.203125,1,180384,180960,"[{""onset"":181111,""offset"":181434,""code"":-1.0},{""onset"":181434,""offset"":181435,""code"":-2.0}]",False,181434,candidate_target_and_response_marker
VisualCogB_Task-2,2,VisualCogB_Task-2:081,81,182721,182773,713.75390625,0.203125,-1,182561,183137,"[{""onset"":183288,""offset"":183639,""code"":-1.0},{""onset"":183639,""offset"":183640,""code"":-2.0}]",False,183639,candidate_target_and_response_marker
VisualCogB_Task-2,2,VisualCogB_Task-2:082,82,184925,184977,722.36328125,0.203125,1,184765,185341,"[{""onset"":185492,""offset"":185842,""code"":-1.0},{""onset"":185842,""offset"":185843,""code"":-2.0}]",False,185842,candidate_target_and_response_marker
VisualCogB_Task-2,2,VisualCogB_Task-2:083,83,187125,187177,730.95703125,0.203125,-1,186965,187541,"[{""onset"":187693,""offset"":188047,""code"":-1.0},{""onset"":188047,""offset"":188048,""code"":-2.0}]",False,188047,candidate_target_and_response_marker
VisualCogB_Task-2,2,VisualCogB_Task-2:084,84,189338,189390,739.6015625,0.203125,-1,189178,189754,"[{""onset"":189905,""offset"":190304,""code"":1.0},{""onset"":190304,""offset"":190305,""code"":2.0}]",False,190304,candidate_target_and_response_marker
VisualCogB_Task-2,2,VisualCogB_Task-2:085,85,191590,191642,748.3984375,0.203125,1,191430,192006,"[{""onset"":192158,""offset"":192487,""code"":1.0},{""onset"":192487,""offset"":192488,""code"":2.0}]",False,192487,candidate_target_and_response_marker
VisualCogB_Task-2,2,VisualCogB_Task-2:086,86,193775,193827,756.93359375,0.203125,-1,193615,194191,"[{""onset"":194342,""offset"":194642,""code"":1.0},{""onset"":194642,""offset"":194643,""code"":2.0}]",False,194642,candidate_target_and_response_marker
VisualCogB_Task-2,2,VisualCogB_Task-2:087,87,195927,195979,765.33984375,0.203125,1,195767,196343,"[{""onset"":196495,""offset"":196797,""code"":1.0},{""onset"":196797,""offset"":196798,""code"":2.0}]",False,196797,candidate_target_and_response_marker
VisualCogB_Task-2,2,VisualCogB_Task-2:088,88,198084,198136,773.765625,0.203125,-1,197924,198500,"[{""onset"":198651,""offset"":198978,""code"":-1.0},{""onset"":198978,""offset"":198979,""code"":-2.0}]",False,198978,candidate_target_and_response_marker
VisualCogB_Task-2,2,VisualCogB_Task-2:089,89,200264,200316,782.28125,0.203125,1,200104,200680,"[{""onset"":200832,""offset"":201157,""code"":1.0},{""onset"":201157,""offset"":201158,""code"":2.0}]",False,201157,candidate_target_and_response_marker
VisualCogB_Task-2,2,VisualCogB_Task-2:090,90,202445,202497,790.80078125,0.203125,-1,202285,202861,"[{""onset"":203012,""offset"":203306,""code"":1.0},{""onset"":203306,""offset"":203307,""code"":2.0}]",False,203306,candidate_target_and_response_marker
VisualCogB_Task-2,2,VisualCogB_Task-2:091,91,204593,204645,799.19140625,0.203125,-1,204433,205009,"[{""onset"":205161,""offset"":205532,""code"":-1.0},{""onset"":205532,""offset"":205533,""code"":-2.0}]",False,205532,candidate_target_and_response_marker
VisualCogB_Task-2,2,VisualCogB_Task-2:092,92,206818,206870,807.8828125,0.203125,1,206658,207234,"[{""onset"":207385,""offset"":207681,""code"":1.0},{""onset"":207681,""offset"":207682,""code"":2.0}]",False,207681,candidate_target_and_response_marker
VisualCogB_Task-2,2,VisualCogB_Task-2:093,93,208962,209015,816.2578125,0.20703125,-1,208802,209378,"[{""onset"":209530,""offset"":209933,""code"":1.0},{""onset"":209933,""offset"":209934,""code"":2.0}]",False,209933,candidate_target_and_response_marker
VisualCogB_Task-2,2,VisualCogB_Task-2:094,94,211219,211271,825.07421875,0.203125,1,211059,211635,"[{""onset"":211786,""offset"":212076,""code"":1.0},{""onset"":212076,""offset"":212077,""code"":2.0}]",False,212076,candidate_target_and_response_marker
VisualCogB_Task-2,2,VisualCogB_Task-2:095,95,213363,213415,833.44921875,0.203125,1,213203,213779,"[{""onset"":213931,""offset"":214366,""code"":-1.0},{""onset"":214366,""offset"":214367,""code"":-2.0}]",False,214366,candidate_target_and_response_marker
VisualCogB_Task-2,2,VisualCogB_Task-2:096,96,215651,215704,842.38671875,0.20703125,-1,215491,216067,"[{""onset"":216219,""offset"":216654,""code"":-1.0},{""onset"":216654,""offset"":216655,""code"":-2.0}]",False,216654,candidate_target_and_response_marker
VisualCogB_Task-2,2,VisualCogB_Task-2:097,97,217940,217992,851.328125,0.203125,-1,217780,218356,"[{""onset"":218508,""offset"":218860,""code"":-1.0},{""onset"":218860,""offset"":218861,""code"":-2.0}]",False,218860,candidate_target_and_response_marker
VisualCogB_Task-2,2,VisualCogB_Task-2:098,98,220148,220200,859.953125,0.203125,1,219988,220564,"[{""onset"":220716,""offset"":221040,""code"":-1.0},{""onset"":221040,""offset"":221041,""code"":-2.0}]",False,221040,candidate_target_and_response_marker
VisualCogB_Task-2,2,VisualCogB_Task-2:099,99,222325,222377,868.45703125,0.203125,-1,222165,222741,"[{""onset"":222892,""offset"":223192,""code"":1.0},{""onset"":223192,""offset"":223193,""code"":2.0}]",False,223192,candidate_target_and_response_marker
